zomet,ishuv,rehov1,rehov2
90038,28,124,132
610038,31,149,152
10001,70,165,273
10001,70,165,501
10001,70,273,501
20014,70,128,247
20014,70,128,254
20014,70,247,254
30006,70,159,173
40008,70,207,229
70003,70,181,190
170007,70,146,181
180007,70,181,213
7410002,70,118,181
7410002,70,118,200
7410002,70,181,200
7540002,70,181,189
7630003,70,128,180
7630003,70,128,256
7630003,70,180,256
7640003,70,256,302
7650004,70,180,189
7750006,70,180,213
7760007,70,165,180
7900013,70,189,217
7900013,70,189,257
7900013,70,217,257
7910013,70,189,302
7920011,70,165,302
7930011,70,165,217
7930011,70,217,232
7930011,70,165,232
8000009,70,180,586
8020010,70,196,201
8060011,70,206,302
8080001,70,165,181
8170072,70,256,408
8450001,70,501,504
8460041,70,302,335
8460041,70,335,586
8460041,70,302,586
8470043,70,232,759
8470043,70,586,759
8470043,70,232,586
8520031,70,488,499
8540073,70,801,802
8670001,70,165,580
8800011,70,701,728
8820071,70,165,340
8900001,70,189,580
8960041,70,302,554
9020052,70,189,340
9210001,70,189,851
9370211,70,206,580
9380123,70,165,206
9380123,70,165,597
9380123,70,206,597
9400071,70,256,340
9470321,70,335,704
9650071,70,601,697
9680325,70,335,580
9900002,70,206,750
10150023,70,185,325
10150083,70,328,755
10150083,70,328,758
10150083,70,755,758
10150114,70,406,414
10150277,70,852,854
10150312,70,369,390
10150312,70,365,369
10150312,70,365,390
10150321,70,377,382
10150345,70,213,597
70001,168,112,227
70001,168,182,227
70001,168,112,182
180024,168,112,201
180024,168,112,217
180024,168,201,217
140001,182,114,172
140001,182,106,172
140001,182,106,114
20002,246,107,112
150001,246,101,112
400002,246,194,269
610021,246,124,130
610080,246,221,243
610080,246,120,221
610080,246,120,243
610102,246,120,141
9610010,466,111,124
9610010,466,111,128
9610010,466,111,144
9610010,466,124,128
9610010,466,124,144
9610010,466,128,144
210001,469,120,135
240052,469,112,135
240086,469,107,135
240086,469,107,193
240086,469,135,193
240093,469,215,216
240001,565,101,118
240001,565,118,135
240001,565,101,135
310001,565,101,134
9960002,565,101,103
9960002,565,101,127
9960002,565,127,103
570001,681,116,133
210001,1020,181,182
230001,1031,129,158
440001,1031,158,232
670019,1031,108,216
670024,1031,111,127
670024,1031,111,129
670024,1031,127,129
670048,1031,122,216
7010002,1061,124,145
7010002,1061,124,158
7010002,1061,145,158
100036,1167,151,155
100071,1167,216,222
10001,1200,160,182
30001,1200,100,140
30001,1200,139,140
30001,1200,100,139
40001,1200,100,120
100001,1200,176,303
100001,1200,303,405
100001,1200,176,405
120001,1200,303,441
120001,1200,173,303
120001,1200,173,441
280001,1200,140,144
360001,1200,303,305
370001,1200,137,140
420001,1200,450,452
470001,1200,442,660
490001,1200,441,455
600001,1200,401,442
610001,1200,443,700
670001,1200,100,137
740001,1200,415,456
750001,1200,305,602
780065,1200,177,182
780065,1200,182,184
780065,1200,177,184
780161,1200,701,703
780161,1200,701,705
780161,1200,703,705
780184,1200,176,308
780197,1200,441,453
780201,1200,619,630
780202,1200,165,166
10001,1315,105,117
7830003,2100,438,439
7830003,2100,439,450
7830003,2100,438,450
7240001,2200,146,163
90001,2400,104,107
7020003,2400,308,322
7600001,2400,104,322
8140025,2400,202,270
8140025,2400,202,239
8140025,2400,239,270
8140025,2400,104,270
8140025,2400,104,202
8140025,2400,104,239
15550001,2500,138,192
70007,2550,101,113
210001,2550,113,150
210001,2550,105,150
210001,2550,105,113
230001,2550,113,123
260001,2550,135,136
10005,2600,171,177
70005,2600,168,177
100005,2600,168,178
100005,2600,168,450
100005,2600,178,450
150001,2600,109,121
250005,2600,147,168
7340001,2600,123,125
7350001,2600,105,123
7380003,2600,106,121
7410001,2600,105,138
7460001,2600,109,147
7490004,2600,139,178
7490004,2600,135,178
7490004,2600,135,139
7530001,2600,147,269
7640001,2600,105,109
7670003,2600,177,375
7670003,2600,138,375
7670003,2600,138,177
7690001,2600,268,269
7730001,2600,168,348
7740005,2600,109,168
7820001,2600,246,355
7980001,2600,355,544
8140005,2600,370,574
8250005,2600,464,572
8260001,2600,168,255
8280002,2600,177,339
8310001,2600,109,635
8360012,2600,575,608
8360012,2600,177,608
8360012,2600,177,575
8380005,2600,147,423
8380006,2600,249,355
8390005,2600,177,572
8460001,2600,109,115
8470001,2600,123,332
8480001,2600,109,127
8500001,2600,177,576
8560001,2600,168,349
8590001,2600,306,560
8590001,2600,123,306
8590001,2600,123,560
8610001,2600,608,617
8780063,2600,103,138
8780121,2600,166,464
8780121,2600,166,574
8780121,2600,464,574
8780127,2600,177,372
8780127,2600,139,372
8780127,2600,139,177
8780147,2600,115,355
8780147,2600,115,255
8780147,2600,115,147
8780147,2600,255,355
8780147,2600,147,355
8780147,2600,147,255
8780175,2600,329,331
8780175,2600,329,360
8780175,2600,331,360
8780253,2600,246,529
8780271,2600,572,575
7270003,2610,101,105
7270003,2610,105,144
7270003,2610,101,144
7600004,2610,113,144
330003,2620,210,251
68150001,2620,133,210
68150001,2620,210,290
68150001,2620,133,290
60002,2630,113,285
7280000,2630,147,285
8100001,2640,355,410
28420201,2640,528,529
90002,2650,118,136
130005,2650,214,347
290002,2650,120,136
400004,2650,237,287
400004,2650,225,287
400004,2650,225,237
410005,2650,206,208
410005,2650,208,298
410005,2650,206,298
430003,2650,132,150
540004,2650,224,287
840003,2650,353,370
7180005,2650,206,209
7180005,2650,209,225
7180005,2650,206,225
7250003,2650,163,386
7250003,2650,326,386
7250003,2650,163,326
7260003,2650,163,221
7260003,2650,221,327
7260003,2650,163,327
7470002,2650,134,138
21840001,2650,111,132
21840001,2650,111,136
21840001,2650,132,136
22110001,2650,209,437
22110001,2650,209,238
22110001,2650,163,238
22110001,2650,163,437
22110001,2650,163,209
22110001,2650,238,437
22130054,2650,209,211
22130068,2650,214,320
22130068,2650,214,421
22130068,2650,320,421
40001,2660,196,209
80002,2660,174,212
420002,2660,172,180
420002,2660,172,185
420002,2660,180,185
440003,2660,113,125
440003,2660,113,127
440003,2660,125,127
7480002,2660,219,220
7480002,2660,197,220
7480002,2660,197,219
7490002,2660,158,219
7510003,2660,158,172
7600002,2660,211,219
7600002,2660,211,229
7600002,2660,219,229
7660002,2660,219,225
7720002,2660,110,158
7860002,2660,143,144
7910002,2660,110,146
7910002,2660,143,146
7910002,2660,110,143
7990002,2660,172,200
8050002,2660,102,105
8050020,2660,195,200
8050021,2660,200,219
8050021,2660,180,219
8050021,2660,180,200
8050028,2660,139,172
8050054,2660,174,178
8050135,2660,139,163
130003,2800,208,211
280002,2800,111,115
280002,2800,111,202
280002,2800,115,202
7460001,2800,310,312
7490001,2800,303,312
7570004,2800,203,208
7840007,2800,350,405
7840007,2800,163,312
7840007,2800,163,405
7840007,2800,312,405
7840007,2800,163,350
7840007,2800,312,350
7970001,2800,314,320
20177,3000,314,315
20413,3000,1309,1340
40145,3000,426,429
40412,3000,1301,1302
60214,3000,907,937
70162,3000,652,707
100146,3000,429,448
100146,3000,448,453
100146,3000,429,453
130514,3000,1627,1647
140211,3000,395,986
140211,3000,395,987
140211,3000,395,4903
140211,3000,986,987
140211,3000,986,4903
140211,3000,987,4903
160141,3000,414,450
180172,3000,305,321
510533,3000,1714,1757
510533,3000,1757,5405
510533,3000,1714,5405
7232440,3000,4129,4392
7232440,3000,4129,4393
7232440,3000,4392,4393
7232440,3000,4129,4352
7232440,3000,4352,4392
7232440,3000,4352,4393
8650723,3000,4177,4360
8650723,3000,4177,4393
8650723,3000,4129,4360
8650723,3000,4129,4393
8650723,3000,4129,4177
8650723,3000,4360,4393
8890111,3000,4276,4283
9080121,3000,116,248
9080121,3000,116,301
9080121,3000,248,301
9480175,3000,302,308
9740124,3000,116,117
10360127,3000,350,351
10900146,3000,427,429
10910146,3000,429,801
11110132,3000,514,1522
11110132,3000,514,1528
11110132,3000,1522,1528
11110132,3000,513,514
11110132,3000,513,1522
11110132,3000,513,1528
11770521,3000,1508,1511
11870152,3000,802,809
11900153,3000,809,1101
11900153,3000,809,998
11900153,3000,733,1101
11900153,3000,733,998
11900153,3000,733,809
11900153,3000,998,1101
11970147,3000,714,801
12070151,3000,808,814
12130152,3000,998,1405
12130152,3000,1405,1422
12130152,3000,998,1422
12200151,3000,826,1630
12290151,3000,1503,1514
12570513,3000,1621,1636
12730533,3000,1714,1736
12730533,3000,1736,1786
12730533,3000,1714,1786
12750533,3000,1785,1786
12750533,3000,1786,1842
12750533,3000,1785,1842
13710421,3000,1402,1422
13930415,3000,1320,1321
13930415,3000,1320,1366
13930415,3000,1321,1366
14010415,3000,1601,1619
14110423,3000,1410,1630
14230422,3000,1127,1407
14230422,3000,1127,1422
14230422,3000,1407,1422
14340412,3000,1303,1349
15900231,3000,1004,1023
15900231,3000,895,1023
15900231,3000,895,1004
16170164,3000,643,733
16170164,3000,643,1106
16170164,3000,733,1106
16240164,3000,613,632
16240164,3000,603,632
16240164,3000,603,613
16240164,3000,613,616
16240164,3000,603,616
16240164,3000,616,632
16310214,3000,937,944
16450171,3000,305,336
16490171,3000,340,612
16490171,3000,612,959
16490171,3000,340,959
16550171,3000,333,336
16640168,3000,603,612
16670167,3000,613,618
16740213,3000,941,991
16740213,3000,941,1077
16740213,3000,899,941
16740213,3000,899,991
16740213,3000,991,1077
16740213,3000,899,1077
18650412,3000,1307,1308
18650412,3000,1308,1422
18650412,3000,1307,1422
23860121,3000,138,301
23880254,3000,1307,1368
23880254,3000,1252,1307
23880254,3000,1252,1368
23930741,3000,4313,4316
23940841,3000,4179,4550
23940841,3000,4550,5022
23940841,3000,4179,5022
23980411,3000,1347,1390
24460713,3000,3001,4342
24540111,3000,4101,4773
24540111,3000,4101,7001
24540111,3000,4773,7001
24640211,3000,4452,5502
24750661,3000,4753,4754
25080841,3000,4180,4181
25080841,3000,4180,4554
25080841,3000,4181,4554
25150722,3000,4146,4150
25300213,3000,995,1155
25300213,3000,1155,1162
25300213,3000,995,1162
25310713,3000,3001,4860
25310713,3000,3007,4860
25310713,3000,3001,3007
25430121,3000,203,2052
25430121,3000,203,4452
25430121,3000,2052,4452
25430121,3000,116,4452
25430121,3000,116,203
25430121,3000,116,2052
25560221,3000,1101,1108
25560221,3000,1101,1128
25560221,3000,1108,1128
25610543,3000,1714,1847
26010412,3000,1308,1435
26450411,3000,1362,1435
26490545,3000,1839,1864
26510545,3000,1714,1839
26510545,3000,1714,1744
26510545,3000,1744,1839
26560251,3000,1105,1121
26620214,3000,1105,1106
26640236,3000,1105,1307
26890221,3000,901,941
27740214,3000,1021,1106
28070324,3000,1215,1277
28670251,3000,968,1106
28800001,3000,4339,4375
29040001,3000,328,338
29120001,3000,4805,4806
29880001,3000,891,995
92870617,3000,305,340
92870617,3000,305,907
92870617,3000,305,921
92870617,3000,340,907
92870617,3000,340,921
92870617,3000,907,921
92870656,3000,398,4452
92870656,3000,4452,5503
92870656,3000,398,5503
92870667,3000,429,463
92870689,3000,513,525
92870689,3000,525,612
92870689,3000,513,612
92870689,3000,501,525
92870689,3000,501,513
92870689,3000,501,612
92870804,3000,970,1021
92870804,3000,1021,1077
92870804,3000,970,1077
92870841,3000,1021,1056
92870841,3000,1021,1062
92870841,3000,1021,6685
92870841,3000,1056,1062
92870841,3000,1056,6685
92870841,3000,1062,6685
92870876,3000,1077,1105
92870876,3000,1077,1143
92870876,3000,1105,1143
92870888,3000,1093,1121
92870936,3000,1224,1231
92871045,3000,1435,4285
92871079,3000,1508,1527
92871081,3000,1528,1753
92871081,3000,1528,1868
92871081,3000,1753,1868
92871104,3000,1647,1668
92871130,3000,1726,6760
92871140,3000,1753,1768
92871273,3000,4110,4113
92871273,3000,4110,4307
92871273,3000,4113,4307
92871276,3000,4113,4283
92871276,3000,4113,4762
92871276,3000,4283,4762
92871276,3000,4101,4283
92871276,3000,4101,4762
92871276,3000,4101,4113
92871276,3000,4283,4316
92871276,3000,4113,4316
92871276,3000,4101,4316
92871276,3000,4316,4762
92871438,3000,4430,4481
92871438,3000,4430,4482
92871438,3000,4481,4482
92871584,3000,4650,4653
92872049,3000,612,937
92872165,3000,1500,1636
92872248,3000,4113,4286
92872248,3000,239,4286
92872248,3000,239,4113
92872311,3000,501,4110
92872363,3000,1744,5411
30001,3570,202,303
30001,3570,202,306
30001,3570,303,306
50001,3570,303,315
80001,3570,102,108
28820001,3570,118,120
10001,3616,130,141
10001,3616,130,161
10001,3616,130,150
10001,3616,141,150
10001,3616,141,161
10001,3616,150,161
40,3650,135,150
20003,3730,101,104
20003,3730,101,204
20003,3730,104,204
20007,3730,101,201
80621,4000,1035,1041
80621,4000,1035,1410
80621,4000,1041,1410
190111,4000,109,232
350122,4000,177,180
470131,4000,195,212
470131,4000,212,288
470131,4000,195,288
10170513,4000,825,834
10170513,4000,825,901
10170513,4000,834,901
10280523,4000,841,844
10280523,4000,844,845
10280523,4000,844,850
10280523,4000,845,850
10280523,4000,841,850
10280523,4000,841,845
10770223,4000,362,512
14600314,4000,522,1161
16730517,4000,621,1168
17020616,4000,1084,1091
18150001,4000,621,662
18150001,4000,662,798
18150001,4000,621,798
18200001,4000,195,224
18380035,4000,129,228
18380119,4000,474,479
18380119,4000,210,474
18380119,4000,210,479
18380712,4000,576,974
18380742,4000,1015,4061
10335,5000,461,615
10338,5000,622,626
10623,5000,1522,1554
10815,5000,2227,2253
20326,5000,538,540
20341,5000,706,708
20531,5000,461,1379
20623,5000,1515,1522
20912,5000,2524,2527
30433,5000,1033,1036
30554,5000,1103,1264
30557,5000,1103,1235
30816,5000,2236,2239
30816,5000,2236,2240
30816,5000,2239,2240
40215,5000,230,244
40522,5000,461,1208
40554,5000,1103,1265
40557,5000,1235,1309
40815,5000,2227,2328
50517,5000,1103,1107
50557,5000,1309,2215
50815,5000,2227,2327
60335,5000,461,616
60511,5000,461,1128
60522,5000,461,1209
60714,5000,1639,1641
60735,5000,2022,2023
60816,5000,2239,2242
70114,5000,195,197
70522,5000,461,1212
70622,5000,1547,1549
70815,5000,2227,2326
80314,5000,420,424
80556,5000,1103,1272
80612,5000,1511,1541
80732,5000,1971,1983
90556,5000,1103,1250
100612,5000,1541,1559
110121,5000,281,283
110121,5000,283,284
110121,5000,281,284
120926,5000,2646,2647
140623,5000,1524,1554
140921,5000,2604,2686
150523,5000,1229,1232
160624,5000,1530,1554
160911,5000,2523,2524
180622,5000,1549,1551
220821,5000,2324,2325
230624,5000,1526,1532
230624,5000,1532,1554
230624,5000,1526,1554
250612,5000,1107,1559
250936,5000,2815,2837
320533,5000,1304,1335
340744,5000,2155,2157
360942,5000,2962,2963
390712,5000,1616,1622
420712,5000,1601,1611
420712,5000,1601,2378
420712,5000,1611,2378
510911,5000,2502,2506
600534,5000,1334,1337
7110312,5000,401,510
7110312,5000,404,510
7110312,5000,401,404
7190312,5000,425,510
7440317,5000,404,456
7500318,5000,456,461
7540321,5000,404,934
7560321,5000,510,934
7630325,5000,404,537
7650326,5000,510,537
7700331,5000,461,711
7720332,5000,510,711
7840341,5000,710,711
7900334,5000,404,714
7910334,5000,622,714
7930334,5000,620,714
7950335,5000,461,714
8000336,5000,510,618
8010337,5000,618,620
8020337,5000,618,623
8150338,5000,618,627
8170338,5000,618,634
8190343,5000,404,1132
8250342,5000,710,714
8280342,5000,705,714
8330324,5000,537,1026
8330324,5000,1026,1040
8330324,5000,537,1040
8340431,5000,1035,1040
8350347,5000,730,1040
8350347,5000,1033,1040
8350347,5000,730,1033
8380347,5000,714,722
8380347,5000,715,722
8380347,5000,714,715
8510347,5000,727,1040
8520346,5000,729,1037
8520346,5000,1037,1040
8520346,5000,729,1040
8540346,5000,723,729
8590344,5000,618,738
8590344,5000,738,751
8590344,5000,618,751
8620344,5000,618,1140
8680345,5000,753,1103
8710345,5000,753,1040
8710345,5000,753,1101
8710345,5000,1040,1538
8710345,5000,1101,1511
8710345,5000,1040,1511
8710345,5000,1040,1101
8710345,5000,753,1538
8710345,5000,753,1511
8710345,5000,1101,1538
8710345,5000,1511,1538
8740345,5000,404,1040
8740345,5000,1040,1540
8740345,5000,404,1540
8760345,5000,404,757
8760345,5000,756,757
8760345,5000,404,756
8910433,5000,1034,1037
8920433,5000,1037,1042
8940433,5000,829,1045
8950433,5000,829,1016
9080425,5000,928,934
9080425,5000,928,1026
9080425,5000,934,1026
9100426,5000,924,934
9110323,5000,934,1040
9190323,5000,426,710
9190323,5000,426,934
9190323,5000,710,934
9200323,5000,533,934
9200323,5000,436,934
9200323,5000,436,533
9280315,5000,429,450
9340315,5000,450,1040
9400316,5000,456,1040
9550415,5000,914,1040
9600314,5000,425,426
9820413,5000,814,829
9850413,5000,829,914
9920422,5000,456,916
9980413,5000,914,1005
9980413,5000,914,1011
9980413,5000,1005,1011
10010423,5000,456,1011
10040423,5000,909,932
10040423,5000,456,932
10040423,5000,456,909
10100424,5000,829,934
10110425,5000,906,934
10120425,5000,931,934
10140432,5000,829,1008
10150424,5000,932,934
10160424,5000,934,1009
10180424,5000,934,1006
10180424,5000,934,1011
10180424,5000,1006,1011
10220434,5000,1009,1011
10220434,5000,1009,1037
10220434,5000,1011,1037
10230412,5000,1011,1438
10230412,5000,814,1438
10230412,5000,814,1011
10380511,5000,461,1135
10410511,5000,510,1135
10580513,5000,738,1116
10740513,5000,1135,1140
10780517,5000,1101,1102
10890516,5000,1110,1249
10940515,5000,1116,1249
10970515,5000,1104,1107
11050521,5000,461,1204
11160522,5000,1202,1211
11260523,5000,1211,1241
11260523,5000,1224,1241
11260523,5000,1211,1224
11430534,5000,1242,1320
11440534,5000,1242,1244
11580544,5000,1250,1265
11600544,5000,1249,1264
11630544,5000,1250,1266
11670545,5000,1135,1255
11790612,5000,1042,1540
11840612,5000,1540,1555
11840612,5000,1555,1571
11840612,5000,1540,1571
11880612,5000,1545,1555
11890612,5000,1107,1555
11890612,5000,1554,1555
11890612,5000,1107,1554
11910623,5000,1524,1555
11920611,5000,1506,1511
11920611,5000,1511,2562
11920611,5000,1511,1555
11920611,5000,1506,2562
11920611,5000,1506,1555
11920611,5000,1555,2562
11950611,5000,1107,1511
12280911,5000,1571,2524
12280911,5000,2524,2604
12280911,5000,1571,2604
12470623,5000,1531,1562
12470623,5000,1531,2562
12470623,5000,1562,2562
12490623,5000,1554,2562
12500912,5000,2524,2562
12530912,5000,2549,2561
12650913,5000,2526,2535
12690913,5000,2535,2562
12690913,5000,2562,2686
12690913,5000,2535,2686
12920551,5000,1104,2215
12950556,5000,1103,1135
12970556,5000,1101,1135
12970556,5000,1135,1277
12970556,5000,1101,1277
13070557,5000,1301,2206
13090533,5000,1301,2215
13110533,5000,1101,2215
13160555,5000,1269,1276
13170555,5000,1269,1274
13290815,5000,2255,2371
13310815,5000,2324,2371
13320815,5000,2371,2378
13370814,5000,2216,2263
13370814,5000,2263,2378
13370814,5000,2216,2378
13430812,5000,2216,2255
13540813,5000,2215,2218
13650713,5000,2226,2378
13830822,5000,2306,2307
13830822,5000,2306,2378
13830822,5000,2307,2378
14150713,5000,2215,2309
14220712,5000,1616,2378
14240713,5000,1612,2378
14240713,5000,2309,2378
14240713,5000,1612,2309
14310714,5000,1611,1637
14310714,5000,1637,1680
14310714,5000,1611,1680
14330714,5000,1611,1677
14350714,5000,1611,1639
14360714,5000,1611,2412
14390711,5000,1620,1638
14390711,5000,1620,1979
14390711,5000,1620,1987
14390711,5000,1620,2412
14390711,5000,1638,1979
14390711,5000,1638,1987
14390711,5000,1638,2412
14390711,5000,1979,1987
14390711,5000,1979,2412
14390711,5000,1987,2412
14510713,5000,1632,2269
14510713,5000,1632,2309
14510713,5000,2269,2309
14560714,5000,2215,2412
14560714,5000,2215,2466
14560714,5000,2412,2466
14590825,5000,2309,2371
14590825,5000,2371,3280
14590825,5000,2309,3280
14600824,5000,2309,2360
14620713,5000,2263,2309
14730823,5000,2306,2426
14730823,5000,2309,2426
14730823,5000,2306,2309
14880823,5000,2302,2465
14900823,5000,2309,2465
15130624,5000,1554,2244
15130624,5000,1554,2245
15130624,5000,2244,2245
15130624,5000,2244,2648
15130624,5000,2245,2648
15130624,5000,1554,2648
15170817,5000,2465,2658
15170817,5000,2245,2658
15170817,5000,2245,2465
15240927,5000,2648,2656
15250925,5000,2524,2648
15260925,5000,2524,2649
15270924,5000,2524,2665
15300924,5000,2524,2658
15330928,5000,2656,2658
15330928,5000,2656,2710
15330928,5000,2658,2710
15770734,5000,1620,2139
15850725,5000,1939,1994
15950733,5000,1983,1994
15960723,5000,1964,1994
16230721,5000,1994,2001
16260721,5000,1993,1994
16820122,5000,171,174
16820122,5000,116,174
16820122,5000,116,171
17000211,5000,225,265
17000211,5000,265,295
17000211,5000,225,295
17040211,5000,225,400
17050212,5000,301,400
17060212,5000,367,3019
17060212,5000,400,3019
17060212,5000,367,400
17070212,5000,295,3019
17070212,5000,347,3019
17070212,5000,295,347
17120213,5000,225,249
17140215,5000,180,215
17140215,5000,215,225
17140215,5000,225,272
17140215,5000,215,272
17140215,5000,180,272
17140215,5000,180,225
17390223,5000,323,367
17430225,5000,367,373
17460225,5000,361,364
17600551,5000,1104,1135
17660554,5000,1101,1264
17670554,5000,1101,1508
17810925,5000,2643,2648
17820926,5000,2524,2674
17840925,5000,2646,2648
17890924,5000,2643,2665
18010924,5000,2632,2658
18110921,5000,2601,2604
18630532,5000,1352,1439
18630532,5000,1352,1655
18630532,5000,1352,1620
18630532,5000,1439,1620
18630532,5000,1439,1655
18630532,5000,1620,1655
18700711,5000,1650,1979
18700711,5000,1979,1981
18700711,5000,1650,1981
18720711,5000,1979,1993
18800532,5000,1336,1352
18800532,5000,1336,2213
18800532,5000,1352,2213
19000532,5000,1352,1608
19550934,5000,2776,2860
19580934,5000,2778,2860
20270722,5000,1760,1791
20420735,5000,1620,2022
20420735,5000,1620,3004
20420735,5000,2022,3004
20510735,5000,1912,1994
20700111,5000,180,1011
20720111,5000,180,402
20720111,5000,180,1040
20720111,5000,402,1040
20780125,5000,116,1011
20790114,5000,198,1011
20810113,5000,126,1011
20830126,5000,116,226
20840126,5000,116,145
20850124,5000,116,126
20930112,5000,185,265
20930112,5000,185,1011
20930112,5000,265,1011
21010123,5000,126,174
21270744,5000,2173,2412
21270744,5000,2173,3280
21270744,5000,2412,3280
21720815,5000,2328,2371
22330933,5000,2731,2734
23540325,5000,511,533
23710732,5000,1986,2021
23870532,5000,1352,1601
23930122,5000,282,283
24010531,5000,1342,1439
24170112,5000,185,197
24170112,5000,197,248
24170112,5000,185,248
24190531,5000,1439,1442
24200942,5000,2958,2959
24350531,5000,1439,1441
24560122,5000,265,282
24810225,5000,361,367
24940741,5000,2157,2412
24990624,5000,1555,2572
25070122,5000,282,468
25370113,5000,169,197
25430112,5000,197,4769
25430112,5000,197,4534
25430112,5000,4534,4769
25630222,5000,400,4744
25720112,5000,248,3103
53000001,5000,2503,2524
60350943,5000,2601,2958
60400943,5000,2601,2766
80010913,5000,2562,2645
80130554,5000,1103,1267
80150397,5000,272,361
80150397,5000,272,3019
80150397,5000,361,3019
80150397,5000,249,361
80150397,5000,249,272
80150397,5000,249,3019
80150444,5000,361,379
80150492,5000,527,537
80150496,5000,537,710
80150509,5000,751,1249
80150533,5000,1006,1555
80150537,5000,1011,1555
80150537,5000,1037,1555
80150537,5000,1011,1037
80150542,5000,1101,1272
80150542,5000,1272,1275
80150542,5000,1101,1275
80150542,5000,1269,1275
80150542,5000,1101,1269
80150542,5000,1269,1272
80150619,5000,1509,1511
80150675,5000,1620,1697
80150675,5000,1620,2378
80150675,5000,1697,2378
80150677,5000,1620,1964
80150677,5000,1620,2150
80150677,5000,1964,2150
80150814,5000,1269,2245
80150814,5000,1269,2307
80150814,5000,1269,2244
80150814,5000,2244,2307
80150814,5000,2244,2245
80150814,5000,2245,2307
80150879,5000,2535,2604
80150879,5000,2501,2604
80150879,5000,2501,2535
80150917,5000,2658,2731
80150942,5000,2731,2776
80150944,5000,2731,2860
80151041,5000,2968,4575
80151064,5000,3130,4562
80151064,5000,185,3130
80151064,5000,185,4562
80151445,5000,303,309
80151467,5000,1002,1005
80151468,5000,2538,2604
130053,6100,911,918
520042,6100,809,812
7790016,6100,101,203
7930014,6100,304,503
7930014,6100,503,518
7930014,6100,304,518
8110013,6100,223,503
8180013,6100,503,835
8270012,6100,201,244
8330025,6100,626,835
8400025,6100,502,882
8400025,6100,835,882
8400025,6100,835,891
8400025,6100,882,891
8400025,6100,502,891
8400025,6100,502,835
8450025,6100,502,830
8490024,6100,518,906
8490024,6100,519,906
8490024,6100,518,519
8730022,6100,427,502
8940022,6100,414,925
9170053,6100,930,933
9170053,6100,933,949
9170053,6100,930,949
9180051,6100,918,933
9310043,6100,846,913
9310043,6100,830,913
9310043,6100,830,846
9530041,6100,825,850
9560041,6100,825,833
9720042,6100,825,872
9850042,6100,808,827
9850042,6100,808,870
9850042,6100,827,870
10140014,6100,304,309
10140014,6100,304,310
10140014,6100,309,310
10360016,6100,105,502
10360016,6100,105,503
10360016,6100,502,503
10370025,6100,606,835
67560016,6100,401,503
67570016,6100,107,401
67590011,6100,203,401
67630011,6100,114,301
67740031,6100,897,975
120063,6200,612,613
130042,6200,411,412
150041,6200,403,441
160031,6200,216,310
160031,6200,216,655
160031,6200,310,655
170031,6200,212,310
170032,6200,304,312
260032,6200,304,640
7490011,6200,201,220
7500013,6200,102,201
7520021,6200,102,221
7530021,6200,102,209
7550021,6200,210,220
7600021,6200,208,221
7640021,6200,217,226
7670023,6200,201,221
7750031,6200,210,221
7770031,6200,221,310
7810031,6200,221,312
7820031,6200,212,312
7820031,6200,212,311
7820031,6200,311,312
7890032,6200,304,403
7890032,6200,403,422
7890032,6200,304,422
8000033,6200,311,508
8000033,6200,311,620
8000033,6200,508,620
8010033,6200,508,607
8010033,6200,508,626
8010033,6200,607,626
8020033,6200,508,521
8040033,6200,310,508
8180061,6200,518,534
8190051,6200,310,503
8190051,6200,503,518
8190051,6200,310,518
8210041,6200,310,523
8210041,6200,401,523
8210041,6200,310,401
8240041,6200,401,406
8240041,6200,406,503
8240041,6200,401,503
8480012,6200,101,502
8530012,6200,106,113
8690043,6200,426,430
8720012,6200,104,117
8720012,6200,106,117
8720012,6200,104,106
8930061,6200,521,612
8950031,6200,212,443
8980031,6200,443,655
9110214,6200,312,655
9900062,6200,521,522
9900062,6200,521,614
9900062,6200,522,614
80230043,6200,105,106
80230043,6200,105,120
80230043,6200,106,120
80230118,6200,623,626
30002,6300,109,115
70003,6300,107,109
390042,6300,621,635
7310001,6300,123,137
7310001,6300,137,210
7310001,6300,123,210
7350011,6300,127,210
7470007,6300,210,224
7490010,6300,210,622
7490010,6300,601,622
7490010,6300,210,601
7550011,6300,621,630
7960002,6300,101,301
8110008,6300,224,301
8110008,6300,224,506
8110008,6300,301,506
8160009,6300,509,601
8620002,6300,101,402
8980009,6300,301,601
8980009,6300,301,609
8980009,6300,601,609
9010007,6300,210,318
47570011,6300,514,609
47570011,6300,609,630
47570011,6300,514,630
47700009,6300,514,601
47700009,6300,514,618
47700009,6300,601,618
47810003,6300,101,406
47840003,6300,103,133
47860015,6300,110,111
47860015,6300,110,113
47860015,6300,111,113
47860036,6300,516,517
30001,6400,101,102
30001,6400,101,128
30001,6400,102,128
60008,6400,709,712
80005,6400,401,407
100009,6400,618,728
230005,6400,407,421
270010,6400,608,615
290009,6400,608,728
330003,6400,208,212
340021,6400,309,314
410006,6400,502,505
420004,6400,306,309
480007,6400,530,563
480007,6400,530,792
480007,6400,563,792
510007,6400,528,530
550007,6400,502,530
550021,6400,309,324
560004,6400,302,314
650021,6400,309,360
650021,6400,333,360
650021,6400,309,333
730010,6400,608,627
1080007,6400,542,811
1170007,6400,538,547
1170007,6400,538,826
1170007,6400,547,826
1180009,6400,616,706
8260002,6400,106,549
8330022,6400,309,511
8330022,6400,406,511
8330022,6400,309,406
8490005,6400,404,547
8490005,6400,404,812
8490005,6400,547,812
8530004,6400,303,309
8530004,6400,303,547
8530004,6400,309,547
8540004,6400,301,303
8620003,6400,208,549
8650024,6400,530,549
9570034,6400,534,826
9640033,6400,464,533
9640033,6400,464,826
9640033,6400,533,826
9810033,6400,538,775
9820022,6400,309,416
9850034,6400,540,826
10270054,6400,729,775
10270054,6400,538,729
10270054,6400,538,775
10400001,6400,713,795
10400001,6400,795,798
10400001,6400,713,798
10500043,6400,307,352
10500172,6400,792,826
40006,6500,521,534
60007,6500,602,604
110007,6500,602,607
120008,6500,611,702
140008,6500,609,702
150006,6500,523,534
150008,6500,612,702
150008,6500,702,968
150008,6500,612,968
160002,6500,766,788
230008,6500,603,820
230008,6500,713,820
230008,6500,603,713
240007,6500,606,609
290007,6500,601,606
310007,6500,603,606
580008,6500,722,723
580008,6500,722,733
580008,6500,723,733
7760007,6500,611,701
7790007,6500,603,701
7860004,6500,419,422
7860004,6500,419,602
7860004,6500,422,602
7900007,6500,223,604
7900007,6500,223,309
7900007,6500,309,604
8050002,6500,202,206
8060002,6500,701,1005
8060002,6500,701,950
8060002,6500,950,1005
8250004,6500,299,419
8300004,6500,450,679
8350001,6500,309,419
8360004,6500,422,580
8380001,6500,713,950
8850002,6500,733,820
9050004,6500,450,452
9320004,6500,655,679
9600014,6500,233,419
9600014,6500,419,679
9600014,6500,233,679
9700004,6500,450,539
9700004,6500,422,539
9700004,6500,422,450
9800020,6500,112,202
9800026,6500,120,203
9800039,6500,202,821
9800039,6500,202,950
9800039,6500,821,950
9800039,6500,202,602
9800039,6500,602,821
9800039,6500,602,950
9800130,6500,419,436
9800132,6500,419,538
9800132,6500,419,713
9800132,6500,538,713
9800209,6500,541,580
9800421,6500,862,864
9800506,6500,601,628
10074,6600,821,822
30043,6600,620,632
70033,6600,417,419
90053,6600,702,724
110012,6600,117,209
120023,6600,327,350
120023,6600,324,350
120023,6600,324,327
130011,6600,113,125
130053,6600,503,704
180032,6600,417,421
190011,6600,106,107
200056,6600,901,916
220011,6600,106,108
220011,6600,106,121
220011,6600,108,121
250011,6600,106,112
7070032,6600,406,426
7070032,6600,426,645
7070032,6600,406,645
7080032,6600,415,426
7550012,6600,101,110
7710041,6600,529,616
7770034,6600,514,529
7810034,6600,426,505
7810034,6600,505,514
7810034,6600,505,637
7810034,6600,426,514
7810034,6600,426,637
7810034,6600,505,6008
7810034,6600,426,6008
7810034,6600,514,6008
7810034,6600,637,6008
7810034,6600,514,637
7960042,6600,522,725
7960042,6600,701,725
7960042,6600,522,701
7990042,6600,707,725
7990042,6600,532,725
7990042,6600,532,707
8020042,6600,529,911
8020042,6600,725,911
8020042,6600,529,725
8080043,6600,632,725
8080043,6600,725,742
8080043,6600,632,742
8150051,6600,749,911
8150051,6600,911,930
8150051,6600,749,930
8230052,6600,711,712
8230052,6600,711,721
8230052,6600,712,721
8240052,6600,712,715
8270053,6600,304,702
8310033,6600,304,751
8310033,6600,706,751
8310033,6600,304,706
8380033,6600,401,706
8520031,6600,401,415
8550024,6600,415,442
8550024,6600,415,704
8550024,6600,442,704
8560024,6600,355,415
8740056,6600,796,800
8740056,6600,796,901
8740056,6600,800,901
8970074,6600,822,947
8970074,6600,944,947
8970074,6600,822,944
8990071,6600,942,944
9040011,6600,111,316
9040011,6600,316,941
9040011,6600,111,941
9080022,6600,304,328
9170022,6600,304,317
9280021,6600,316,317
9280021,6600,209,317
9280021,6600,209,316
9330021,6600,316,333
9370021,6600,316,401
9370021,6600,316,645
9370021,6600,401,645
9400022,6600,317,344
9410022,6600,317,339
9670011,6600,112,289
9670011,6600,111,289
9670011,6600,111,112
9680021,6600,202,204
9930054,6600,751,969
9930054,6600,751,970
9930054,6600,930,969
9930054,6600,930,970
9930054,6600,751,930
9930054,6600,969,970
10120023,6600,324,941
10120023,6600,941,969
10120023,6600,324,969
10140055,6600,795,797
10140055,6600,795,800
10140055,6600,797,800
10180074,6600,947,968
10230131,6600,304,944
10250123,6600,324,947
10300412,6600,415,875
10300412,6600,875,969
10300412,6600,415,969
10420054,6600,970,983
10420054,6600,983,986
10420054,6600,970,986
10470055,6600,794,795
10800056,6600,546,901
10800056,6600,546,983
10800056,6600,901,983
10820041,6600,613,616
10930835,6600,835,901
7960002,6700,121,202
8090006,6700,313,323
8090006,6700,275,323
8090006,6700,275,313
20003,6900,309,316
130007,6900,302,340
200005,6900,374,387
280007,6900,340,345
610003,6900,262,309
1020008,6900,412,480
7290007,6900,309,412
7290007,6900,309,420
7290007,6900,412,420
7400007,6900,420,429
7400007,6900,429,523
7400007,6900,420,523
7410006,6900,533,801
7410006,6900,420,801
7410006,6900,420,533
7870006,6900,512,523
7900007,6900,322,523
8190003,6900,302,374
12780012,6900,148,277
12790012,6900,205,277
12860012,6900,270,277
12970001,6900,277,309
13030251,6900,463,600
8380002,7000,405,421
12840180,7000,555,561
12840195,7000,701,706
70002,7100,362,381
70002,7100,362,386
70002,7100,381,386
150007,7100,527,532
300002,7100,391,392
300002,7100,392,395
300002,7100,391,395
340003,7100,440,462
360003,7100,437,475
570002,7100,394,806
1210002,7100,311,318
1590002,7100,377,416
1600002,7100,397,416
1690002,7100,319,416
1960002,7100,319,321
2200002,7100,319,327
2250002,7100,381,831
7830004,7100,437,496
7900006,7100,474,507
7900006,7100,507,653
7900006,7100,474,653
7940002,7100,375,632
7940002,7100,375,653
7940002,7100,632,653
7960002,7100,375,416
7990002,7100,375,6011
8000002,7100,397,653
8020002,7100,319,630
8020002,7100,630,653
8020002,7100,319,653
8120009,7100,607,630
8190009,7100,561,608
8190009,7100,608,632
8190009,7100,561,632
8210009,7100,602,938
8210009,7100,632,938
8210009,7100,602,632
8230008,7100,632,641
8250010,7100,630,632
8250010,7100,632,694
8250010,7100,630,694
8280008,7100,641,654
8420006,7100,507,538
8450006,7100,506,507
8450006,7100,506,540
8450006,7100,507,540
8470006,7100,507,587
8530007,7100,730,740
8530007,7100,732,740
8530007,7100,730,732
8540008,7100,641,693
8550002,7100,540,653
8550002,7100,653,1060
8550002,7100,540,1060
8570003,7100,451,653
8630002,7100,375,1035
8630002,7100,390,1035
8630002,7100,375,390
8660004,7100,496,653
8740002,7100,390,395
8780021,7100,487,1018
8780021,7100,1018,1035
8780021,7100,487,1035
8890003,7100,457,1035
8910021,7100,451,487
8910021,7100,416,487
8910021,7100,416,451
8920021,7100,416,1061
8920021,7100,1012,1061
8920021,7100,416,1012
9830021,7100,1018,1024
9890002,7100,416,1115
9900002,7100,561,1115
9920021,7100,1035,1115
9930002,7100,653,1115
9970021,7100,1021,1035
10030021,7100,416,1044
10090018,7100,397,1070
10130033,7100,493,810
10250017,7100,1023,1029
10320003,7100,437,500
10340021,7100,868,1115
10470002,7100,416,1121
10540009,7100,561,935
10560021,7100,1018,1022
10640005,7100,496,812
10710001,7100,892,893
10790001,7100,861,893
10800029,7100,319,1070
10800062,7100,386,394
10800062,7100,306,394
10800062,7100,306,386
10800062,7100,379,394
10800062,7100,306,379
10800062,7100,379,386
10800064,7100,390,394
10800071,7100,416,435
10800073,7100,416,653
10800102,7100,499,500
10800144,7100,645,693
10800245,7100,1020,1025
10800336,7100,662,1029
10800344,7100,1115,6011
10800370,7100,375,944
90003,7200,122,127
210003,7200,115,121
7210002,7200,103,109
7210002,7200,103,229
7210002,7200,109,229
7340003,7200,133,138
7420002,7200,103,212
7420002,7200,134,212
7420002,7200,103,134
7500001,7200,101,103
7500001,7200,101,235
7500001,7200,103,235
17600002,7200,103,309
17620002,7200,219,230
17810032,7200,135,183
17810082,7200,240,243
17810096,7200,252,390
17810186,7200,101,135
9110006,7300,504,846
10034,7400,510,539
10034,7400,510,541
10034,7400,539,541
70034,7400,419,507
80031,7400,413,418
90031,7400,402,418
90034,7400,508,532
90041,7400,702,842
100031,7400,407,413
110012,7400,165,171
140031,7400,418,431
170034,7400,419,532
200032,7400,405,6001
200041,7400,702,844
210041,7400,702,838
210053,7400,949,993
210053,7400,973,993
210053,7400,949,973
300033,7400,504,532
340042,7400,801,827
660035,7400,614,631
7870011,7400,119,138
7900012,7400,138,306
7900012,7400,138,160
7900012,7400,138,139
7900012,7400,110,160
7900012,7400,110,306
7900012,7400,110,139
7900012,7400,110,138
7900012,7400,160,306
7900012,7400,139,306
7900012,7400,139,160
7920012,7400,137,344
7920012,7400,139,344
7920012,7400,137,139
7960012,7400,139,418
7960012,7400,418,627
7960012,7400,139,627
7970012,7400,169,418
8040012,7400,112,130
8040012,7400,112,702
8040012,7400,130,702
8160021,7400,235,329
8260021,7400,329,417
8260021,7400,316,417
8260021,7400,316,329
8380023,7400,201,323
8480031,7400,429,432
8800032,7400,419,521
8890033,7400,515,525
8890033,7400,515,532
8890033,7400,525,532
8930033,7400,627,650
8930033,7400,444,650
8930033,7400,444,627
8940035,7400,619,627
8990032,7400,406,419
8990032,7400,406,513
8990032,7400,419,513
9310051,7400,609,922
9310051,7400,609,1034
9310051,7400,922,1034
9350051,7400,609,958
9370051,7400,983,993
9370051,7400,983,996
9370051,7400,993,996
9410042,7400,707,827
9410042,7400,827,847
9410042,7400,707,847
9900314,7400,996,1104
9920313,7400,959,1020
9950313,7400,996,1020
9970053,7400,609,946
9970053,7400,946,993
9970053,7400,609,993
10000051,7400,983,1068
10000051,7400,351,983
10000051,7400,351,1068
10090313,7400,609,1020
10130314,7400,963,1022
10180323,7400,946,1015
10180323,7400,1015,1024
10180323,7400,946,1024
10420001,7400,847,865
10490001,7400,607,843
10550001,7400,112,615
10580001,7400,847,1234
10590089,7400,407,627
10590089,7400,407,612
10590089,7400,612,627
10590128,7400,607,617
10590128,7400,607,638
10590128,7400,617,638
10590330,7400,843,1234
10590335,7400,607,847
10590335,7400,847,864
10590335,7400,607,864
10590345,7400,873,878
10590345,7400,873,877
10590345,7400,877,878
10590352,7400,843,1008
10590366,7400,946,996
10590368,7400,609,658
10590377,7400,1235,1252
10590377,7400,1235,1250
10590377,7400,1250,1252
10590378,7400,832,849
10590379,7400,865,1204
10590383,7400,954,1023
10590385,7400,660,702
10590387,7400,847,877
120006,7600,501,508
7660001,7600,205,501
7680002,7600,221,403
7740003,7600,304,305
8470002,7600,227,246
80002,7800,104,106
220002,7800,106,110
530005,7800,125,142
630005,7800,125,139
7790002,7800,139,155
7790002,7800,139,266
7790002,7800,155,266
7870002,7800,106,113
8040003,7800,149,266
8040003,7800,218,266
8040003,7800,149,218
8270003,7800,221,266
370014,7900,105,106
1160042,7900,211,238
1240011,7900,905,1004
8290011,7900,136,140
9270033,7900,129,213
9270033,7900,213,817
9270033,7900,129,817
9430042,7900,107,127
9430042,7900,127,221
9430042,7900,107,221
9490041,7900,214,216
9670013,7900,103,112
11170115,7900,169,905
11170115,7900,360,905
11170115,7900,169,360
11420014,7900,144,149
11420014,7900,144,153
11420014,7900,149,153
11700121,7900,794,1109
11790115,7900,136,180
11790115,7900,180,1027
11790115,7900,136,1027
11860054,7900,603,659
11890117,7900,905,928
11890117,7900,928,1027
11890117,7900,905,1027
99970105,7900,168,173
99970105,7900,168,1026
99970105,7900,173,1026
99970105,7900,168,1004
99970105,7900,173,1004
99970105,7900,1004,1026
99970475,7900,905,1006
99970510,7900,1109,1180
99970512,7900,360,1174
7230001,8200,199,200
7390002,8200,104,123
7390002,8200,104,133
7390002,8200,123,133
7520001,8200,143,145
12320002,8200,124,200
20008,8300,225,298
40004,8300,728,743
40005,8300,346,379
40006,8300,325,338
50004,8300,704,728
50012,8300,105,129
70005,8300,379,380
80006,8300,340,825
100006,8300,338,821
120004,8300,721,725
120008,8300,235,236
130002,8300,503,506
130002,8300,506,712
130002,8300,503,712
130011,8300,111,116
140006,8300,315,338
170008,8300,220,233
170008,8300,220,260
170008,8300,233,260
180002,8300,503,504
180002,8300,504,513
180002,8300,503,513
180005,8300,394,398
190005,8300,344,398
190005,8300,398,814
190005,8300,344,814
210005,8300,344,386
210007,8300,328,330
210007,8300,330,335
210007,8300,328,335
230007,8300,330,817
250007,8300,326,330
260007,8300,327,330
280007,8300,326,329
290003,8300,518,602
290008,8300,220,243
290008,8300,220,415
290008,8300,243,415
310007,8300,321,323
310007,8300,323,334
310007,8300,321,334
330007,8300,321,333
350003,8300,518,607
350009,8300,209,259
350009,8300,259,268
350009,8300,209,268
380007,8300,319,388
420005,8300,363,815
500009,8300,259,277
540007,8300,311,312
540008,8300,246,247
570009,8300,229,231
610008,8300,245,281
640007,8300,801,804
700005,8300,365,814
790003,8300,503,611
800008,8300,243,360
910003,8300,276,611
1310005,8300,344,389
1310005,8300,389,406
1310005,8300,344,406
1350005,8300,352,365
1350005,8300,350,365
1350005,8300,350,352
7010001,8300,247,307
7020008,8300,180,273
7020008,8300,180,300
7020008,8300,180,301
7020008,8300,273,300
7020008,8300,273,301
7020008,8300,300,301
7300023,8300,307,347
7610041,8300,104,807
7750011,8300,105,119
7900009,8300,233,301
7970008,8300,248,301
8040007,8300,201,301
8070007,8300,201,277
8070007,8300,277,312
8070007,8300,201,312
8100031,8300,201,209
8130007,8300,201,321
8140007,8300,201,288
8140007,8300,288,328
8140007,8300,201,328
8220006,8300,307,340
8450007,8300,307,327
8450007,8300,327,338
8450007,8300,307,338
8460006,8300,307,326
8480006,8300,307,316
8510024,8300,307,312
8520006,8300,301,307
8550021,8300,305,307
8590031,8300,201,307
8690005,8300,304,529
8690005,8300,304,712
8690005,8300,305,529
8690005,8300,305,712
8690005,8300,304,305
8690005,8300,529,712
8770005,8300,345,379
8800022,8300,347,392
8800022,8300,392,407
8800022,8300,347,407
8940001,8300,389,805
8940001,8300,347,805
8940001,8300,347,389
9110005,8300,389,512
9110005,8300,389,712
9110005,8300,512,712
9170021,8300,712,713
9170021,8300,712,714
9170021,8300,713,714
9180005,8300,712,716
9180005,8300,352,716
9180005,8300,352,712
9240003,8300,512,714
9240003,8300,512,623
9240003,8300,512,661
9240003,8300,661,714
9240003,8300,623,661
9240003,8300,623,714
9280003,8300,540,623
10190008,8300,245,286
10200315,8300,134,907
10210315,8300,445,907
10270315,8300,134,925
10320315,8300,134,908
10350315,8300,134,447
10370111,8300,410,435
17920311,8300,120,143
17920311,8300,143,145
17920311,8300,120,145
18010032,8300,247,249
18050003,8300,518,591
18050003,8300,528,591
18050003,8300,518,528
18110008,8300,233,271
18120112,8300,347,426
18140111,8300,410,5101
18160111,8300,410,449
18240010,8300,295,925
18320111,8300,429,449
18330315,8300,134,933
18360315,8300,446,908
18380003,8300,591,659
18470111,8300,435,452
18540315,8300,925,963
18570315,8300,925,959
18590112,8300,347,352
18590112,8300,352,409
18590112,8300,347,409
18610008,8300,201,247
18670111,8300,434,437
18680217,8300,437,5101
18760311,8300,856,857
18790316,8300,906,912
18820003,8300,528,661
18940002,8300,577,580
19000323,8300,120,180
19000323,8300,180,195
19000323,8300,180,856
19000323,8300,120,195
19000323,8300,120,856
19000323,8300,195,856
19010136,8300,271,700
19010136,8300,307,700
19010136,8300,271,307
19050003,8300,528,540
19100315,8300,447,963
19130311,8300,120,144
19190315,8300,447,961
19240314,8300,1010,1011
19270311,8300,143,180
19300217,8300,5124,5125
19300217,8300,5125,5127
19300217,8300,5125,5126
19300217,8300,5124,5127
19300217,8300,5124,5126
19300217,8300,5126,5127
19350315,8300,960,963
19370315,8300,960,961
19370315,8300,935,961
19370315,8300,935,960
19450323,8300,194,925
19460323,8300,1252,1258
19460323,8300,1258,1275
19460323,8300,1252,1275
19590323,8300,925,1250
19650314,8300,1035,1039
19650314,8300,1011,1039
19650314,8300,1011,1035
19720322,8300,194,195
19720322,8300,195,1353
19720322,8300,194,1353
19800008,8300,286,415
19830217,8300,5101,5145
19860322,8300,194,1150
19900322,8300,195,1252
19960780,8300,201,5139
20000315,8300,448,894
20000315,8300,894,907
20000315,8300,894,960
20000315,8300,448,907
20000315,8300,448,960
20000315,8300,907,960
20040003,8300,528,671
20070314,8300,1010,1029
20070314,8300,1029,1034
20070314,8300,1010,1034
20080010,8300,201,294
20100001,8300,404,461
20100001,8300,452,461
20100001,8300,404,452
20260001,8300,290,307
20260001,8300,290,540
20260001,8300,307,540
20310001,8300,524,525
20360001,8300,167,1365
20390003,8300,104,120
20390003,8300,104,925
20390003,8300,120,925
20390008,8300,112,925
20390008,8300,112,1010
20390008,8300,925,1010
20390023,8300,147,182
20390042,8300,167,195
20390042,8300,112,167
20390042,8300,112,195
20390042,8300,195,6005
20390042,8300,167,6005
20390042,8300,112,6005
20390059,8300,202,216
20390059,8300,202,253
20390059,8300,216,253
20390091,8300,288,458
20390102,8300,319,321
20390107,8300,340,379
20390132,8300,366,713
20390144,8300,402,409
20390144,8300,402,435
20390144,8300,409,435
20390208,8300,524,712
20390208,8300,528,712
20390208,8300,524,528
20390286,8300,715,734
20390286,8300,715,737
20390286,8300,734,737
20390338,8300,903,907
20390339,8300,904,970
20390352,8300,916,970
20390371,8300,961,962
20390379,8300,1011,1036
20390379,8300,1011,1040
20390379,8300,1036,1040
20390391,8300,1015,1022
20390408,8300,1045,1047
20390408,8300,1047,1066
20390408,8300,1045,1066
20390457,8300,1188,1190
20390468,8300,1250,1260
20390468,8300,1250,1262
20390468,8300,1260,1262
20390486,8300,1275,1276
20390585,8300,134,969
20390587,8300,406,527
20390623,8300,641,656
20390623,8300,641,672
20390623,8300,656,672
20390632,8300,167,1201
20390643,8300,925,1042
20390648,8300,1139,1150
20390660,8300,497,543
20390664,8300,901,904
20390684,8300,1150,1190
20390739,8300,116,925
20390744,8300,515,562
20390748,8300,961,969
20390750,8300,123,1042
20390752,8300,224,301
30008,8400,463,464
40008,8400,460,463
80012,8400,116,604
80012,8400,116,635
80012,8400,604,635
120010,8400,724,725
210006,8400,404,409
280011,8400,435,714
290004,8400,116,403
290004,8400,403,692
290004,8400,116,692
340009,8400,507,511
340011,8400,435,720
340011,8400,435,761
340011,8400,720,761
350005,8400,335,344
350009,8400,506,511
440011,8400,626,628
490005,8400,330,343
490005,8400,330,344
490005,8400,330,356
490005,8400,343,344
490005,8400,344,356
490005,8400,343,356
520011,8400,435,627
520011,8400,435,739
520011,8400,627,739
630005,8400,323,327
630005,8400,327,331
630005,8400,323,331
8000005,8400,314,330
8170007,8400,434,435
8230007,8400,403,448
8230007,8400,434,448
8230007,8400,403,434
8250008,8400,447,448
8270008,8400,449,749
8270008,8400,449,511
8270008,8400,448,749
8270008,8400,448,511
8270008,8400,448,449
8270008,8400,511,749
8290010,8400,736,749
8300010,8400,730,749
8320010,8400,593,724
8320010,8400,724,749
8320010,8400,593,749
8370010,8400,403,729
8370010,8400,729,738
8370010,8400,403,738
8390010,8400,403,627
8410010,8400,403,724
8410010,8400,629,724
8410010,8400,403,629
8420010,8400,403,626
8510011,8400,435,738
8600005,8400,351,363
8630005,8400,351,376
8630005,8400,304,376
8630005,8400,304,351
8640005,8400,304,308
8650005,8400,304,305
8650005,8400,304,404
8650005,8400,305,404
8670005,8400,304,403
8690001,8400,301,403
9000008,8400,442,449
9000008,8400,442,504
9000008,8400,449,504
9030009,8400,317,449
9110006,8400,403,463
9120006,8400,403,468
9150006,8400,403,454
9160006,8400,403,413
9170006,8400,403,414
9190007,8400,403,416
9240006,8400,410,415
11900026,8400,488,591
11900026,8400,591,592
11900026,8400,488,592
11920026,8400,488,593
11930025,8400,488,553
11930025,8400,533,553
11930025,8400,488,533
12080005,8400,101,105
12080005,8400,101,499
12080005,8400,105,499
12090026,8400,593,594
12110005,8400,106,108
12110005,8400,101,108
12110005,8400,101,106
12120026,8400,591,657
12120026,8400,595,657
12120026,8400,591,595
12170004,8400,481,585
12181200,8400,590,593
12181200,8400,593,657
12181200,8400,590,657
12230005,8400,103,106
12260001,8400,442,485
12260001,8400,403,485
12260001,8400,403,442
12280001,8400,260,359
12290001,8400,488,635
12290001,8400,488,655
12290001,8400,605,635
12290001,8400,605,655
12290001,8400,488,605
12290001,8400,635,655
17610006,8400,351,406
17760005,8400,101,376
17760005,8400,376,403
17760005,8400,101,403
17800004,8400,217,368
17800004,8400,368,375
17800004,8400,217,375
17830009,8400,449,484
17860033,8400,435,685
17860033,8400,435,692
17860033,8400,685,692
17860033,8400,435,683
17860033,8400,683,685
17860033,8400,683,692
17890040,8400,226,234
17890071,8400,275,285
17890093,8400,321,376
17890093,8400,196,376
17890093,8400,196,321
17890094,8400,314,375
17890111,8400,352,353
17890111,8400,352,357
17890111,8400,353,357
17890139,8400,406,409
17890140,8400,409,410
17890140,8400,410,418
17890140,8400,409,418
17890140,8400,410,414
17890140,8400,409,414
17890140,8400,414,418
17890144,8400,416,435
17890179,8400,505,530
17890191,8400,530,532
17890201,8400,537,592
17890223,8400,593,656
17890246,8400,625,740
17890275,8400,683,767
17890298,8400,766,775
17890337,8400,585,593
17890382,8400,226,255
8050002,8500,301,303
8050002,8500,240,303
8050002,8500,240,301
9140007,8500,426,432
9140007,8500,432,439
9140007,8500,439,446
9140007,8500,432,446
9140007,8500,426,439
9140007,8500,426,446
9750042,8500,436,437
10010001,8500,202,327
30212,8600,1003,1004
60123,8600,701,717
90121,8600,502,503
140117,8600,108,518
230117,8600,404,518
330231,8600,1801,1802
330231,8600,1802,1837
330231,8600,1801,1837
390225,8600,1011,1514
7300123,8600,802,903
7480226,8600,619,903
7720223,8600,1726,1838
7720223,8600,1604,1838
7720223,8600,1604,1726
7730227,8600,1423,1806
7730227,8600,1423,1838
7730227,8600,1806,1838
7780225,8600,1502,1542
7880223,8600,1505,1550
7880223,8600,1505,1604
7880223,8600,1550,1604
7910224,8600,1604,1613
8010224,8600,1505,1613
8300214,8600,1011,1202
8420213,8600,1202,1401
8680213,8600,903,1202
8980127,8600,903,1011
9060125,8600,719,1011
9090125,8600,719,817
9140112,8600,205,719
9280122,8600,601,701
9280122,8600,701,719
9280122,8600,601,719
9570115,8600,205,701
9880116,8600,108,701
9910116,8600,104,701
9910116,8600,404,701
9910116,8600,104,404
10050111,8600,108,307
10140113,8600,211,301
10220111,8600,108,212
10260111,8600,108,129
10260111,8600,129,208
10260111,8600,108,208
18060001,8600,416,701
67560112,8600,205,903
67620111,8600,147,903
67620111,8600,108,903
67620111,8600,108,147
97710240,8600,112,124
97710240,8600,112,127
97710240,8600,124,127
97710402,8600,416,520
97710402,8600,416,519
97710402,8600,519,520
97710417,8600,903,1305
50001,8700,204,304
50001,8700,183,204
50001,8700,183,304
220001,8700,144,204
220001,8700,144,367
220001,8700,204,367
1000002,8700,204,466
1000002,8700,457,466
1000002,8700,204,457
7960002,8700,103,184
7960002,8700,103,465
7960002,8700,184,465
8130001,8700,103,114
9350006,8700,204,301
9350006,8700,184,301
9350006,8700,184,204
9550002,8700,103,375
9550002,8700,103,522
9550002,8700,375,522
10680006,8700,103,146
10680008,8700,103,209
60022,9000,921,964
120022,9000,917,921
150021,9000,101,102
170012,9000,244,274
440022,9000,933,964
510012,9000,225,251
770021,9000,702,833
770021,9000,833,1408
770021,9000,702,1408
1180021,9000,847,995
1180021,9000,102,995
1180021,9000,102,847
7120043,9000,311,810
7120043,9000,311,849
7120043,9000,810,849
7220051,9000,277,311
7220051,9000,277,348
7220051,9000,311,348
7230043,9000,366,810
7230043,9000,359,810
7230043,9000,359,366
7400011,9000,210,263
7400011,9000,210,353
7400011,9000,263,353
7760041,9000,404,412
7820041,9000,404,405
7830041,9000,404,810
7860015,9000,221,811
7870034,9000,101,811
7880015,9000,277,811
7900041,9000,404,509
7900041,9000,509,811
7900041,9000,404,811
7910041,9000,701,811
7910041,9000,810,811
7910041,9000,701,810
8340042,9000,534,701
8340042,9000,508,701
8340042,9000,508,534
8370023,9000,811,834
8380023,9000,811,814
8380023,9000,811,838
8380023,9000,814,838
8410022,9000,702,811
8410022,9000,702,921
8410022,9000,702,925
8410022,9000,366,811
8410022,9000,366,921
8410022,9000,366,925
8410022,9000,366,702
8410022,9000,811,921
8410022,9000,921,925
8410022,9000,811,925
8440021,9000,102,702
8450021,9000,102,701
8490021,9000,102,956
8490021,9000,102,1016
8490021,9000,956,1016
8490021,9000,988,1016
8490021,9000,102,988
8490021,9000,956,988
8550022,9000,921,971
8600022,9000,914,925
8610022,9000,923,925
8670022,9000,925,964
8820062,9000,826,923
8820062,9000,826,965
8820062,9000,923,965
9520012,9000,202,811
9520012,9000,258,811
9520012,9000,202,258
9890032,9000,509,510
10050052,9000,331,347
10050052,9000,277,347
10050052,9000,277,331
10060052,9000,277,366
10060052,9000,277,485
10060052,9000,366,485
10150053,9000,285,353
10160053,9000,284,353
10290021,9000,501,1288
10290021,9000,101,1288
10290021,9000,101,501
10420061,9000,1005,1013
10500032,9000,702,860
10510052,9000,353,366
10510052,9000,353,495
10510052,9000,366,495
10610022,9000,469,470
10610022,9000,470,472
10610022,9000,469,472
10660022,9000,366,373
10730021,9000,102,895
10780012,9000,498,1120
10780012,9000,373,1120
10780012,9000,373,498
10900052,9000,359,485
10900052,9000,485,988
10900052,9000,359,988
11070312,9000,281,811
11070312,9000,281,1220
11070312,9000,811,1220
11140052,9000,1146,1189
11320012,9000,590,652
11350531,9000,701,1262
11350531,9000,986,1262
11350531,9000,701,986
11400522,9000,701,1410
11400522,9000,841,1410
11400522,9000,701,841
14700021,9000,1240,1254
14800522,9000,885,1410
15470002,9000,102,1411
98340042,9000,404,804
98340088,9000,263,277
98340153,9000,366,820
98340153,9000,366,969
98340153,9000,820,969
98340169,9000,377,556
98340226,9000,533,1410
98340226,9000,102,533
98340226,9000,102,1410
98340382,9000,435,1077
98340382,9000,435,978
98340382,9000,978,1077
98340393,9000,1011,1018
98340393,9000,1011,1405
98340393,9000,1018,1405
98340661,9000,1292,1304
98340766,9000,616,702
98340767,9000,1015,1016
50002,9100,140,143
170006,9100,411,418
320006,9100,417,426
810006,9100,408,411
7750004,9100,224,230
8770006,9100,224,417
8850006,9100,458,467
8880007,9100,458,461
14970040,9100,224,228
14970040,9100,228,412
14970040,9100,224,412
14970040,9100,223,228
14970040,9100,223,224
14970040,9100,223,412
8760086,9200,204,205
8760086,9200,204,206
8760086,9200,205,206
90001,9300,121,195
90001,9300,184,195
90001,9300,190,195
90001,9300,121,184
90001,9300,121,190
90001,9300,184,190
280138,9300,239,256
1100001,9400,126,135
1110001,9400,101,126
7540001,9400,126,187
7550013,9400,108,185
1930003,9500,129,131
7520001,9500,216,221
12380004,9500,120,136
12380004,9500,127,136
12380004,9500,120,127
7380002,9600,118,125
200002,9700,107,110
7490000,9700,101,199
22430189,9700,371,383
100001,9800,123,143
