country_name,country_code,year,road_deaths_per_1m_inhabitants,road_deaths_per_1m_vehicles,road_deaths
Albania,ALB,2000,90.6434291,,280
Albania,ALB,2001,97.0533365,,297
Albania,ALB,2002,81.9400789,,250
Albania,ALB,2003,85.5371205,,260
Albania,ALB,2004,104.065526,,315
Albania,ALB,2005,102.275055,,308
Albania,ALB,2006,92.5632914,,277
Albania,ALB,2007,129.292189,,384
Albania,ALB,2008,102.80547,,303
Albania,ALB,2009,129.119572,,378
Albania,ALB,2010,121.18004,,353
Albania,ALB,2011,110.835934,,322
Albania,ALB,2012,115.15649,,334
Albania,ALB,2013,101.896589,,295
Albania,ALB,2014,91.3778113,,264
Albania,ALB,2015,93.7271215,,270
Albania,ALB,2016,93.5293997,,269
Albania,ALB,2017,77.2588558,,222
Albania,ALB,2018,74.3098603,,213
Albania,ALB,2019,79.5321687,,227
Albania,ALB,2020,63.783084,,181
Argentina,ARG,2008,143.687055,,5759
Argentina,ARG,2009,128.918993,317.921869,5219
Argentina,ARG,2010,124.888286,286.963249,5094
Argentina,ARG,2011,122.147794,,5040
Argentina,ARG,2012,121.581651,,5074
Argentina,ARG,2013,123.427435,246.660343,5209
Argentina,ARG,2014,123.718347,237.070156,5279
Argentina,ARG,2016,128.055813,256.97575,5582
Argentina,ARG,2017,123.056494,234.096026,5420
Armenia,ARM,2000,69.7161283,,214
Armenia,ARM,2001,77.6874193,,237
Armenia,ARM,2002,77.4560659,,235
Armenia,ARM,2003,83.5008874,,252
Armenia,ARM,2004,86.3126183,,259
Armenia,ARM,2005,103.982566,,310
Armenia,ARM,2006,112.226351,,332
Armenia,ARM,2007,126.508123,,371
Armenia,ARM,2008,139.977122,,407
Armenia,ARM,2009,112.531041,,325
Armenia,ARM,2010,102.178452,,294
Armenia,ARM,2011,113.678317,,327
Armenia,ARM,2012,107.827777,,311
Armenia,ARM,2013,109.056034,,316
Armenia,ARM,2014,101.977645,,297
Armenia,ARM,2015,118.267996,,346
Armenia,ARM,2016,90.9355015,,267
Armenia,ARM,2017,94.7436302,,279
Australia,AUS,2000,84.9997389,131.57682,1628
Australia,AUS,2001,81.5948076,126.955965,1584
Australia,AUS,2002,77.6026136,118.936203,1525
Australia,AUS,2003,72.6298541,109.777406,1445
Australia,AUS,2004,71.7429971,106.702136,1444
Australia,AUS,2005,72.1752604,105.747126,1472
Australia,AUS,2006,70.1520444,101.121248,1452
Australia,AUS,2007,69.7631988,98.3417936,1453
Australia,AUS,2008,61.8846827,85.9671421,1315
Australia,AUS,2009,62.0974843,85.9361064,1347
Australia,AUS,2010,55.9646873,76.7693467,1233
Australia,AUS,2011,51.5218784,70.3184914,1151
Australia,AUS,2012,56.1287072,76.2171266,1276
Australia,AUS,2013,54.6088272,73.5131657,1263
Australia,AUS,2014,49.1998402,65.5003521,1155
Australia,AUS,2015,49.1266479,64.9719646,1170
Australia,AUS,2016,52.0443487,68.4717838,1259
Australia,AUS,2017,49.7116885,65.1182959,1223
Australia,AUS,2018,48.5536224,63.2651306,1213
Australia,AUS,2019,47.150202,61.3168532,1196
Australia,AUS,2020,42.4727784,55.0861786,1091
Austria,AUT,2000,121.823873,178.395175,976
Austria,AUT,2001,119.120256,171.653825,958
Austria,AUT,2002,118.288182,168.191414,956
Austria,AUT,2003,114.635083,171.802916,931
Austria,AUT,2004,107.440486,159.462405,878
Austria,AUT,2005,93.3417552,137.733142,768
Austria,AUT,2006,88.2853664,129.27218,730
Austria,AUT,2007,83.2983042,120.748803,691
Austria,AUT,2008,81.5959054,117.130095,679
Austria,AUT,2009,75.8690512,107.776216,633
Austria,AUT,2010,66.0018337,92.2911015,552
Austria,AUT,2011,62.3239096,85.8519725,523
Austria,AUT,2012,62.9893911,85.7114217,531
Austria,AUT,2013,53.6567803,72.2250195,455
Austria,AUT,2014,50.3138414,67.3475451,430
Austria,AUT,2015,55.4225017,74.0779003,479
Austria,AUT,2016,49.4467685,65.9963354,432
Austria,AUT,2017,47.0584705,62.2135023,414
Austria,AUT,2018,46.2642417,60.4011433,409
Austria,AUT,2019,46.8472689,60.3283603,416
Austria,AUT,2020,38.5771102,49.1693946,344
Azerbaijan,AZE,2000,74.0501454,,596
Azerbaijan,AZE,2001,68.917053,,559
Azerbaijan,AZE,2002,78.5614205,,642
Azerbaijan,AZE,2003,87.9270351,,724
Azerbaijan,AZE,2004,97.6343827,,811
Azerbaijan,AZE,2005,126.908846,,1065
Azerbaijan,AZE,2006,121.043544,,1027
Azerbaijan,AZE,2007,129.001433,,1107
Azerbaijan,AZE,2008,120.044731,,1052
Azerbaijan,AZE,2009,103.942634,,930
Azerbaijan,AZE,2010,102.161043,,925
Azerbaijan,AZE,2011,110.758849,,1016
Azerbaijan,AZE,2012,125.648358,,1168
Azerbaijan,AZE,2013,123.608856,,1164
Azerbaijan,AZE,2014,117.880513,,1124
Azerbaijan,AZE,2015,92.648814,,894
Azerbaijan,AZE,2016,77.783831,,759
Azerbaijan,AZE,2017,76.110969,,750
Azerbaijan,AZE,2018,72.6374883,,722
Azerbaijan,AZE,2019,81.9011195,,821
Azerbaijan,AZE,2020,68.8419401,,696
Belgium,BEL,2000,143.397147,256.320837,1470
Belgium,BEL,2001,144.460204,254.582834,1486
Belgium,BEL,2002,130.942432,228.779168,1353
Belgium,BEL,2003,117.192021,203.344482,1216
Belgium,BEL,2004,111.600107,191.850874,1163
Belgium,BEL,2005,107.934091,183.633707,1131
Belgium,BEL,2006,104.854418,176.931691,1106
Belgium,BEL,2007,102.957923,172.563071,1094
Belgium,BEL,2008,91.5034987,151.187135,980
Belgium,BEL,2009,88.5472718,145.403906,956
Belgium,BEL,2010,78.0132432,127.073066,850
Belgium,BEL,2011,80.0850569,128.829602,884
Belgium,BEL,2012,74.4580051,119.495011,827
Belgium,BEL,2013,68.4624192,109.240128,764
Belgium,BEL,2014,66.4641102,105.281931,745
Belgium,BEL,2015,67.5879681,106.201173,762
Belgium,BEL,2016,59.1276188,91.7586239,670
Belgium,BEL,2017,53.5377179,82.0820537,609
Belgium,BEL,2018,52.8570181,80.1787083,604
Belgium,BEL,2019,56.0537141,84.580124,644
Belgium,BEL,2020,43.1810427,65.2190563,499
Bulgaria,BGR,2000,123.865201,,1012
Bulgaria,BGR,2001,126.23075,,1011
Bulgaria,BGR,2002,122.365739,,959
Bulgaria,BGR,2003,123.467476,,960
Bulgaria,BGR,2004,122.199962,318.011668,943
Bulgaria,BGR,2005,124.951495,309.458367,957
Bulgaria,BGR,2006,137.21839,492.422454,1043
Bulgaria,BGR,2007,133.327361,404.780107,1006
Bulgaria,BGR,2008,141.607122,375.336069,1061
Bulgaria,BGR,2009,121.029874,301.136364,901
Bulgaria,BGR,2010,104.927268,249.037227,776
Bulgaria,BGR,2011,89.4080939,203.342618,657
Bulgaria,BGR,2012,82.2624163,178.338279,601
Bulgaria,BGR,2013,82.7240863,171.557433,601
Bulgaria,BGR,2014,91.3629104,181.239713,660
Bulgaria,BGR,2015,98.6348409,184.685647,708
Bulgaria,BGR,2016,99.3290798,184.576544,708
Bulgaria,BGR,2017,96.3828587,198.643689,682
Bulgaria,BGR,2018,86.9746309,176.530769,611
Bulgaria,BGR,2019,90.0260201,177.29205,628
Bulgaria,BGR,2020,66.837123,,463
Bosnia and Herzegovina,BIH,2003,122.269568,,460
Bosnia and Herzegovina,BIH,2004,116.09391,,437
Bosnia and Herzegovina,BIH,2005,101.983039,,384
Bosnia and Herzegovina,BIH,2006,107.026517,,403
Bosnia and Herzegovina,BIH,2007,114.276876,,430
Bosnia and Herzegovina,BIH,2008,115.601979,,434
Bosnia and Herzegovina,BIH,2009,102.249899,,382
Bosnia and Herzegovina,BIH,2010,97.6931991,,362
Bosnia and Herzegovina,BIH,2011,97.236596,,356
Bosnia and Herzegovina,BIH,2012,84.0505835,,303
Bosnia and Herzegovina,BIH,2013,94.2810898,,334
Bosnia and Herzegovina,BIH,2014,85.2932105,,297
Bosnia and Herzegovina,BIH,2015,99.4354052,,341
Bosnia and Herzegovina,BIH,2016,94.7947634,,321
Bosnia and Herzegovina,BIH,2017,88.914509,300.553199,298
Bosnia and Herzegovina,BIH,2018,83.3351134,267.009827,277
Bosnia and Herzegovina,BIH,2019,79.0669973,,261
Bosnia and Herzegovina,BIH,2020,74.3717643,,244
Belarus,BLR,2000,159.725681,,1594
Belarus,BLR,2001,160.748565,,1596
Belarus,BLR,2002,175.154994,,1728
Belarus,BLR,2003,180.059732,,1764
Belarus,BLR,2004,173.481467,,1688
Belarus,BLR,2005,173.118245,,1673
Belarus,BLR,2006,179.699496,,1726
Belarus,BLR,2007,158.770784,,1518
Belarus,BLR,2008,164.148033,,1564
Belarus,BLR,2009,139.05887,,1322
Belarus,BLR,2010,125.38745,,1190
Belarus,BLR,2011,126.673515,,1200
Belarus,BLR,2012,109.778705,,1039
Belarus,BLR,2013,94.4433006,,894
Belarus,BLR,2014,79.8985826,,757
Belarus,BLR,2015,69.9712191,,664
Belarus,BLR,2016,61.8847441,,588
Belarus,BLR,2017,62.0113318,,589
Belarus,BLR,2018,57.8900256,,549
Belarus,BLR,2019,53.621586,,505
Belarus,BLR,2020,61.1776257,,575
Canada,CAN,2000,94.636823,162.397942,2904
Canada,CAN,2001,88.9077951,152.358855,2758
Canada,CAN,2002,93.143898,156.899608,2921
Canada,CAN,2003,87.7574751,147.172611,2777
Canada,CAN,2004,85.627549,143.336303,2735
Canada,CAN,2005,89.8778749,151.489807,2898
Canada,CAN,2006,88.1454258,145.462836,2871
Canada,CAN,2007,83.7057347,133.686204,2753
Canada,CAN,2008,73.1191197,115.284298,2431
Canada,CAN,2009,65.8957126,103.613715,2216
Canada,CAN,2010,65.8140657,102.436876,2238
Canada,CAN,2011,58.9120439,90.9339524,2023
Canada,CAN,2012,59.7737723,92.7736274,2075
Canada,CAN,2013,55.6110526,84.8031459,1951
Canada,CAN,2014,51.9507126,78.2112372,1841
Canada,CAN,2015,52.8528376,78.8754097,1887
Canada,CAN,2016,52.6177511,78.2863755,1900
Canada,CAN,2017,50.9231079,75.7529625,1861
Canada,CAN,2018,52.3132521,77.3730698,1939
Canada,CAN,2019,46.8699492,69.3083152,1762
Switzerland,CHE,2000,82.4024776,122.770635,592
Switzerland,CHE,2001,75.2435665,110.412015,544
Switzerland,CHE,2002,70.4210561,102.272727,513
Switzerland,CHE,2003,74.3970467,107.522647,546
Switzerland,CHE,2004,69.0156808,98.8947062,510
Switzerland,CHE,2005,54.9944434,78.3374832,409
Switzerland,CHE,2006,49.4392388,70.0359644,370
Switzerland,CHE,2007,50.8534035,72.0308787,384
Switzerland,CHE,2008,46.680854,66.2744162,357
Switzerland,CHE,2009,45.0681323,64.480167,349
Switzerland,CHE,2010,41.7896234,59.4599185,327
Switzerland,CHE,2011,40.4428594,56.9077469,320
Switzerland,CHE,2012,42.3916334,58.9430725,339
Switzerland,CHE,2013,33.2536153,46.0546331,269
Switzerland,CHE,2014,29.6752248,40.9294454,243
Switzerland,CHE,2015,30.5467162,41.8393851,253
Switzerland,CHE,2016,25.796164,35.0846303,216
Switzerland,CHE,2017,27.2130092,36.8523126,230
Switzerland,CHE,2018,27.3656327,36.8959398,233
Switzerland,CHE,2019,21.8068681,29.3492395,187
Switzerland,CHE,2020,26.2825904,35.085268,227
Chile,CHL,2000,143.876264,1061.81102,2207.4
Chile,CHL,2001,130.870414,956.278041,2030.6
Chile,CHL,2002,128.222841,929.111959,2011.1
Chile,CHL,2003,139.681327,1008.2072,2213.9
Chile,CHL,2004,142.460443,992.552053,2281.5
Chile,CHL,2005,130.540534,864.159806,2112.5
Chile,CHL,2006,131.235995,825.682603,2146.3
Chile,CHL,2007,129.369268,774.091587,2138.5
Chile,CHL,2008,138.650027,783.879013,2316.6
Chile,CHL,2009,116.017923,638.513536,1959.1
Chile,CHL,2010,121.295018,627.256818,2069.6
Chile,CHL,2011,118.582414,572.241579,2043.6
Chile,CHL,2012,113.710298,509.215996,1978.6
Chile,CHL,2013,119.70513,504.535882,2103.4
Chile,CHL,2014,119.173585,473.631796,2116.4
Chile,CHL,2015,118.86347,459.623736,2135.9
Chile,CHL,2016,119.583249,448.65335,2177.5
Chile,CHL,2017,104.236852,379.017103,1925.3
Chile,CHL,2018,104.39333,363.244259,1955.2
Chile,CHL,2019,104.094362,352.302512,1972.8
Chile,CHL,2020,93.8470593,327.414922,1794
Czechia,CZE,2000,144.904034,320.534944,1486
Czechia,CZE,2001,130.571751,290.948746,1334
Czechia,CZE,2002,140.336549,304.468085,1431
Czechia,CZE,2003,141.946271,298.350515,1447
Czechia,CZE,2004,135.528715,281.294525,1382
Czechia,CZE,2005,125.939947,254.451919,1286
Czechia,CZE,2006,103.819696,201.516588,1063
Czechia,CZE,2007,118.654278,221.980018,1222
Czechia,CZE,2008,103.614938,186.223607,1076
Czechia,CZE,2009,86.2701572,149.991676,901
Czechia,CZE,2010,76.5675585,133.200465,802
Czechia,CZE,2011,73.6464862,126.742089,773
Czechia,CZE,2012,70.5941564,119.580983,742
Czechia,CZE,2013,62.2011681,102.68488,654
Czechia,CZE,2014,65.366016,108.176101,688
Czechia,CZE,2015,69.9787475,113.555932,738
Czechia,CZE,2016,57.8251753,88.9892223,611
Czechia,CZE,2017,54.4625397,81.1875616,577
Czechia,CZE,2018,61.7125535,88.8166802,656
Czechia,CZE,2019,57.9092511,80.8583017,618
Czechia,CZE,2020,48.4162104,65.8781636,518
Germany,DEU,2000,91.2645952,146.072228,7503
Germany,DEU,2001,84.7238173,132.928154,6977
Germany,DEU,2002,82.9449004,128.353281,6842
Germany,DEU,2003,80.1243839,123.248099,6613
Germany,DEU,2004,70.7981675,108.021153,5842
Germany,DEU,2005,65.0059121,98.3308877,5361
Germany,DEU,2006,61.8016428,92.7153524,5091
Germany,DEU,2007,60.1582382,89.1535011,4949
Germany,DEU,2008,54.5243541,90.7561322,4477
Germany,DEU,2009,50.6945427,83.7046146,4152
Germany,DEU,2010,44.6091581,72.6924916,3648
Germany,DEU,2011,49.940839,78.7591843,4009
Germany,DEU,2012,44.7617428,69.5853871,3600
Germany,DEU,2013,41.4033722,63.7323204,3339
Germany,DEU,2014,41.7003674,63.7566787,3377
Germany,DEU,2015,42.3447608,64.3942215,3459
Germany,DEU,2016,38.9320197,58.715798,3206
Germany,DEU,2017,38.4722398,57.2269051,3180
Germany,DEU,2018,39.502673,58.0066951,3275
Germany,DEU,2019,36.6577376,53.1539886,3046
Germany,DEU,2020,32.6643783,46.751675,2719
Denmark,DNK,2000,93.2651337,206.724782,498
Denmark,DNK,2001,80.4287093,177.074774,431
Denmark,DNK,2002,86.1246173,186.995153,463
Denmark,DNK,2003,80.1398886,172.661871,432
Denmark,DNK,2004,68.2761457,146.370488,369
Denmark,DNK,2005,61.0765113,128.793774,331
Denmark,DNK,2006,56.2782219,115.080857,306
Denmark,DNK,2007,74.3393956,146.72931,406
Denmark,DNK,2008,73.9038969,140.581717,406
Denmark,DNK,2009,54.8605447,104.808025,303
Denmark,DNK,2010,45.9651354,88.1742739,255
Denmark,DNK,2011,39.4932513,75.9144237,220
Denmark,DNK,2012,29.8663775,57.0160464,167
Denmark,DNK,2013,34.0164404,64.5924924,191
Denmark,DNK,2014,32.2496334,61.0302646,182
Denmark,DNK,2015,31.3188233,58.7652691,178
Denmark,DNK,2016,36.8365279,68.3290155,211
Denmark,DNK,2017,30.3556994,55.2573413,175
Denmark,DNK,2018,29.5151439,52.9247911,171
Denmark,DNK,2019,34.225242,60.4863222,199
Spain,ESP,2000,142.378706,224.615983,5776
Spain,ESP,2001,135.053717,211.728134,5517
Spain,ESP,2002,129.056214,197.233493,5347
Spain,ESP,2003,127.975856,197.664202,5399
Spain,ESP,2004,110.456447,165.335658,4741
Spain,ESP,2005,101.756677,148.219827,4442
Spain,ESP,2006,92.4380141,130.713125,4104
Spain,ESP,2007,84.5295211,116.739954,3823
Spain,ESP,2008,67.4586075,92.869982,3100
Spain,ESP,2009,58.5381265,81.7272946,2714
Spain,ESP,2010,53.2023419,74.247191,2478
Spain,ESP,2011,44.0710556,61.4962087,2060
Spain,ESP,2012,40.6858179,57.0221436,1903
Spain,ESP,2013,36.0360013,50.872093,1680
Spain,ESP,2014,36.3160062,51.0942277,1688
Spain,ESP,2015,36.3657253,50.5493478,1689
Spain,ESP,2016,38.9380773,53.0885355,1810
Spain,ESP,2017,39.2760872,52.4497667,1830
Spain,ESP,2018,38.5915957,50.6401138,1806
Spain,ESP,2019,37.2346467,48.2895285,1755
Estonia,EST,2000,146.028769,,204
Estonia,EST,2001,143.35988,,199
Estonia,EST,2002,161.670352,,223
Estonia,EST,2003,119.64515,,164
Estonia,EST,2004,124.766064,,170
Estonia,EST,2005,125.482091,,170
Estonia,EST,2006,151.469027,,204
Estonia,EST,2007,146.194468,,196
Estonia,EST,2008,98.7218512,,132
Estonia,EST,2009,74.9335901,,100
Estonia,EST,2010,59.3326949,,79
Estonia,EST,2011,76.0863588,,101
Estonia,EST,2012,65.774751,,87
Estonia,EST,2013,61.4568925,106.001102,81
Estonia,EST,2014,59.3361201,97.9163894,78
Estonia,EST,2015,50.9348057,80.8390856,67
Estonia,EST,2016,53.9599784,82.0643222,71
Estonia,EST,2017,36.4358456,53.4813578,48
Estonia,EST,2018,50.6816684,72.2208449,67
Estonia,EST,2019,39.1891464,,52
Estonia,EST,2020,45.0769576,,60
Finland,FIN,2000,76.5038661,153.132251,396
Finland,FIN,2001,83.4617063,162.781955,433
Finland,FIN,2002,79.7985155,153.362897,415
Finland,FIN,2003,72.702663,137.070524,379
Finland,FIN,2004,71.7267909,130.525583,375
Finland,FIN,2005,72.2441984,126.333333,379
Finland,FIN,2006,63.8022979,107.692308,336
Finland,FIN,2007,71.8510339,117.103236,380
Finland,FIN,2008,64.7419853,102.198455,344
Finland,FIN,2009,52.2582396,75.3443154,279
Finland,FIN,2010,50.7145531,70.5577173,272
Finland,FIN,2011,54.1917706,72.8179551,292
Finland,FIN,2012,47.1003631,61.7433414,255
Finland,FIN,2013,47.4354345,60.9065156,258
Finland,FIN,2014,41.9297806,52.8380249,229
Finland,FIN,2015,49.2742901,60.9618424,270
Finland,FIN,2016,46.9491855,56.7032967,258
Finland,FIN,2017,43.2081978,51.0620039,238
Finland,FIN,2018,43.3322304,50.1468737,239
Finland,FIN,2019,38.2135198,43.2554326,211
Finland,FIN,2020,40.1394466,44.6845872,222
France,FRA,2000,132.632875,225.204884,8079
France,FRA,2001,132.991224,222.476689,8160
France,FRA,2002,123.85676,204.843457,7655
France,FRA,2003,97.325274,159.938749,6058
France,FRA,2004,89.1955798,145.90181,5593
France,FRA,2005,84.1730644,137.472857,5318
France,FRA,2006,74.0160037,120.675516,4709
France,FRA,2007,72.1692017,117.107298,4620
France,FRA,2008,66.4077887,107.498491,4275
France,FRA,2009,66.0360964,102.792561,4273
France,FRA,2010,61.3894075,94.8599995,3992
France,FRA,2011,60.6493855,92.8976391,3963
France,FRA,2012,55.6352475,81.6336418,3653
France,FRA,2013,49.5161381,72.2791948,3268
France,FRA,2014,51.031436,73.7408922,3384
France,FRA,2015,52.0073609,74.441056,3461
France,FRA,2016,52.110104,73.80966,3477
France,FRA,2017,51.5257325,72.1800834,3448
France,FRA,2018,48.4039729,67.4537195,3248
France,FRA,2019,48.2386886,67.1650754,3244
France,FRA,2020,37.7050059,53.1396788,2541
United Kingdom,GBR,2000,60.7887108,120.827568,3580
United Kingdom,GBR,2001,60.8596059,117.909225,3598
United Kingdom,GBR,2002,60.3161716,114.219189,3581
United Kingdom,GBR,2003,61.3268834,114.184043,3658
United Kingdom,GBR,2004,56.1446512,101.696962,3368
United Kingdom,GBR,2005,55.2306853,98.7332781,3336
United Kingdom,GBR,2006,54.2016822,96.0703778,3298
United Kingdom,GBR,2007,49.8838411,88.2599036,3059
United Kingdom,GBR,2008,42.7945089,75.7727676,2645
United Kingdom,GBR,2009,37.5263323,66.7668255,2337
United Kingdom,GBR,2010,30.3506504,54.165254,1905
United Kingdom,GBR,2011,30.9838266,55.5530456,1960
United Kingdom,GBR,2012,28.2887585,50.6431369,1802
United Kingdom,GBR,2013,27.6009304,49.0284514,1770
United Kingdom,GBR,2014,28.6986695,50.4969249,1854
United Kingdom,GBR,2015,27.7043113,48.0164125,1804
United Kingdom,GBR,2016,28.3486487,48.4528901,1860
United Kingdom,GBR,2017,28.0961559,47.7206793,1856
United Kingdom,GBR,2018,27.6706362,46.7165944,1839
United Kingdom,GBR,2019,27.0511574,,1808
United Kingdom,GBR,2020,22.7329218,,1528
Georgia,GEO,2000,122.635255,,500
Georgia,GEO,2001,139.000536,,558
Georgia,GEO,2002,129.445283,,515
Georgia,GEO,2003,144.746511,,572
Georgia,GEO,2004,162.196296,,637
Georgia,GEO,2005,148.880106,,581
Georgia,GEO,2006,173.953515,,675
Georgia,GEO,2007,190.924827,,737
Georgia,GEO,2008,225.285563,,867
Georgia,GEO,2009,193.476385,,738
Georgia,GEO,2010,180.896534,,685
Georgia,GEO,2011,140.026158,,526
Georgia,GEO,2012,162.24737,,605
Georgia,GEO,2013,138.258715,,514
Georgia,GEO,2014,137.387234,,511
Georgia,GEO,2015,161.598765,,602
Georgia,GEO,2016,155.868336,,581
Georgia,GEO,2017,138.680109,,517
Georgia,GEO,2018,123.170258,,459
Georgia,GEO,2019,129.295479,,481
Georgia,GEO,2020,121.163166,,450
Greece,GRC,2000,188.509735,307.610994,2037
Greece,GRC,2001,173.078361,268.648185,1880
Greece,GRC,2002,149.880453,223.621185,1634
Greece,GRC,2003,146.869484,211.601846,1605
Greece,GRC,2004,152.439845,212.468193,1670
Greece,GRC,2005,150.901303,199.566683,1658
Greece,GRC,2006,150.358037,191.008646,1657
Greece,GRC,2007,145.902515,181.164307,1612
Greece,GRC,2008,140.189772,167.78306,1553
Greece,GRC,2009,131.088302,153.894937,1456
Greece,GRC,2010,113.115855,133.107608,1258
Greece,GRC,2011,102.747445,120.054714,1141
Greece,GRC,2012,89.4521517,104.065726,988
Greece,GRC,2013,80.1626161,92.9666843,879
Greece,GRC,2014,72.9865825,84.0469394,795
Greece,GRC,2015,73.2842227,83.3158227,793
Greece,GRC,2016,76.466427,86.8373907,824
Greece,GRC,2017,67.9704155,75.665045,731
Greece,GRC,2018,65.2201338,73.5139677,700
Greece,GRC,2019,64.1696347,70.0468336,688
Greece,GRC,2020,54.5935631,58.6995786,585
Croatia,HRV,2000,146.588122,,655
Croatia,HRV,2001,150.477644,,647
Croatia,HRV,2002,145.74027,,627
Croatia,HRV,2003,162.894493,,701
Croatia,HRV,2004,141.24425,,608
Croatia,HRV,2005,138.510421,,597
Croatia,HRV,2006,142.421098,,614
Croatia,HRV,2007,143.612259,,619
Croatia,HRV,2008,154.07087,,664
Croatia,HRV,2009,127.288493,,548
Croatia,HRV,2010,99.1752392,,426
Croatia,HRV,2011,97.6493603,,418
Croatia,HRV,2012,92.0901368,,393
Croatia,HRV,2013,86.4724842,209.157697,368
Croatia,HRV,2014,72.6691203,172.416399,308
Croatia,HRV,2015,82.7861045,191.576471,348
Croatia,HRV,2016,73.5444018,163.262528,307
Croatia,HRV,2017,80.2515486,170.856611,331
Croatia,HRV,2018,77.5470095,156.547307,317
Croatia,HRV,2019,73.0581836,,297
Croatia,HRV,2020,58.5590038,,237
Hungary,HUN,2000,117.520655,443.45898,1200
Hungary,HUN,2001,121.618725,436.267606,1239
Hungary,HUN,2002,140.668879,480.497646,1429
Hungary,HUN,2003,130.904111,422.158548,1326
Hungary,HUN,2004,128.226109,392.133132,1296
Hungary,HUN,2005,126.696913,379.228487,1278
Hungary,HUN,2006,129.376639,376.916402,1303
Hungary,HUN,2007,122.516602,347.433728,1232
Hungary,HUN,2008,99.2210945,274.758621,996
Hungary,HUN,2009,82.0142378,225.824176,822
Hungary,HUN,2010,73.9998298,203.296703,740
Hungary,HUN,2011,63.9808932,179.870313,638
Hungary,HUN,2012,60.9856777,169.56278,605
Hungary,HUN,2013,59.7387144,160.119209,591
Hungary,HUN,2014,63.4472235,165.696136,626
Hungary,HUN,2015,65.427021,165.723109,644
Hungary,HUN,2016,61.8502728,150.882426,607
Hungary,HUN,2017,63.8539202,148.350344,625
Hungary,HUN,2018,64.7532971,143.282431,633
Hungary,HUN,2019,61.6100003,130.150962,602
Hungary,HUN,2020,47.180634,96.7090133,460
India,IND,2000,74.6856201,,78911
India,IND,2001,75.2446446,,80888
India,IND,2002,77.4468754,,84674
India,IND,2003,77.369509,,85998
India,IND,2004,81.9901523,,92618
India,IND,2005,82.7528571,,94968
India,IND,2006,90.7338,,105749
India,IND,2007,96.7233637,,114444
India,IND,2008,99.827616,,119860
India,IND,2009,103.192325,,125660
India,IND,2010,108.980842,,134513
India,IND,2011,113.961749,,142485
India,IND,2012,109.227491,,138258
India,IND,2013,107.407461,,137572
India,IND,2014,107.804042,,139671
India,IND,2015,111.538933,,146133
India,IND,2016,113.841477,,150785
India,IND,2017,110.491944,,147913
Ireland,IRL,2000,109.06203,246.437055,415
Ireland,IRL,2001,106.304751,232.20339,411
Ireland,IRL,2002,95.6269248,203.243243,376
Ireland,IRL,2003,83.822905,172.947858,335
Ireland,IRL,2004,91.8859769,183.693517,374
Ireland,IRL,2005,95.1942757,185.13324,396
Ireland,IRL,2006,85.4082667,158.972125,365
Ireland,IRL,2007,76.8366575,138.411138,338
Ireland,IRL,2008,62.144396,111.689351,279
Ireland,IRL,2009,52.4763663,96.4476468,238
Ireland,IRL,2010,46.4896478,87.7342909,212
Ireland,IRL,2011,40.6106089,76.6960971,186
Ireland,IRL,2012,35.4383804,67.8255826,163
Ireland,IRL,2013,40.6590574,75.728372,188
Ireland,IRL,2014,41.2217084,76.3321754,192
Ireland,IRL,2015,34.4537392,63.0278093,162
Ireland,IRL,2016,38.2728031,69.3344427,182
Ireland,IRL,2017,32.2420408,57.9248912,155
Ireland,IRL,2018,28.5578335,51.1457758,139
Ireland,IRL,2019,28.3725888,49.8959491,140
Iceland,ISL,2000,113.795985,184.971098,32
Iceland,ISL,2001,84.2199826,131.147541,24
Iceland,ISL,2002,100.861496,145,29
Iceland,ISL,2003,79.4415604,113.861386,23
Iceland,ISL,2004,78.7471668,110.576923,23
Iceland,ISL,2005,64.0304111,86.7579909,19
Iceland,ISL,2006,102.046863,130.801688,31
Iceland,ISL,2007,48.1438925,59.5238095,15
Iceland,ISL,2008,37.8055158,45.2830189,12
Iceland,ISL,2009,53.3753638,65.3846154,17
Iceland,ISL,2010,25.1539896,30.7692308,8
Iceland,ISL,2011,37.615904,45.9770115,12
Iceland,ISL,2012,28.0622108,33.8345865,9
Iceland,ISL,2013,46.3300429,55.5555556,15
Iceland,ISL,2014,12.2179934,14.5985401,4
Iceland,ISL,2015,48.3654006,56.1403509,16
Iceland,ISL,2016,53.6610233,59.4059406,18
Iceland,ISL,2017,46.5928946,49.382716,16
Iceland,ISL,2018,51.0318354,53.4124629,18
Iceland,ISL,2019,16.6406426,17.5438596,6
Iceland,ISL,2020,21.8325715,23.3236152,8
Israel,ISR,2000,82.0480204,281.731667,516
Israel,ISR,2001,87.7465445,295.055342,565
Israel,ISR,2002,83.4094368,279.588556,548
Israel,ISR,2003,71.7520965,242.143454,480
Israel,ISR,2004,74.1665443,247.82661,505
Israel,ISR,2005,67.0985989,220.659625,465
Israel,ISR,2006,62.2368402,201.791207,439
Israel,ISR,2007,57.7986379,181.727895,415
Israel,ISR,2008,59.2436515,181.129487,433
Israel,ISR,2009,46.2220797,140.723857,346
Israel,ISR,2010,49.1893594,146.130978,375
Israel,ISR,2011,49.1900384,142.368012,382
Israel,ISR,2012,36.6601353,105.035207,290
Israel,ISR,2013,38.3398474,108.40154,309
Israel,ISR,2014,38.8280974,107.562159,319
Israel,ISR,2015,42.4815933,115.14939,356
Israel,ISR,2016,44.1142055,116.38299,377
Israel,ISR,2017,41.7752172,107.911355,364
Israel,ISR,2018,35.5743684,90.4042213,316
Israel,ISR,2019,39.2091893,98.5921321,355
Israel,ISR,2020,33.0913865,82.6715319,305
Italy,ITA,2000,124.003137,159.404912,7061
Italy,ITA,2001,124.547821,155.436783,7096
Italy,ITA,2002,122.329504,148.763853,6980
Italy,ITA,2003,114.511136,135.88273,6563
Italy,ITA,2004,106.127508,126.623645,6122
Italy,ITA,2005,100.36315,128.759544,5818
Italy,ITA,2006,97.4993473,122.363962,5669
Italy,ITA,2007,87.8019915,,5131
Italy,ITA,2008,80.3206284,92.1808443,4725
Italy,ITA,2009,71.6976704,83.1843234,4237
Italy,ITA,2010,69.4024843,80.3321055,4114
Italy,ITA,2011,65.0056554,75.2294386,3860
Italy,ITA,2012,63.0335546,73.1675335,3753
Italy,ITA,2013,56.4631759,66.3362015,3401
Italy,ITA,2014,55.6184871,65.4389638,3381
Italy,ITA,2015,56.4460258,66.0367452,3428
Italy,ITA,2016,54.1503461,62.3446665,3283
Italy,ITA,2017,55.800853,63.0937841,3378
Italy,ITA,2018,55.0298436,61.2831268,3325
Italy,ITA,2019,53.1232014,57.6633366,3173
Italy,ITA,2020,40.2155871,43.2417098,2395
Japan,JPN,2000,82.0699605,117.491704,10410
Japan,JPN,2001,79.2062855,112.845394,10071
Japan,JPN,2002,75.679705,107.502313,9645
Japan,JPN,2003,70.0292833,99.2597689,8944
Japan,JPN,2004,67.0940271,95.1017918,8572
Japan,JPN,2005,62.5875576,88.4076236,7997
Japan,JPN,2006,57.3779467,80.2775133,7336
Japan,JPN,2007,52.3042789,73.0298281,6695
Japan,JPN,2008,47.4688239,66.680473,6079
Japan,JPN,2009,45.6082532,64.2978771,5840
Japan,JPN,2010,45.5063637,64.423417,5828
Japan,JPN,2011,43.2986787,61.3042772,5535
Japan,JPN,2012,41.2210391,58.3599296,5261
Japan,JPN,2013,40.5272863,57.0309972,5165
Japan,JPN,2014,38.0040228,53.21578,4837
Japan,JPN,2015,38.4219095,53.4956301,4885
Japan,JPN,2016,36.9937249,51.4420579,4698
Japan,JPN,2017,34.9487096,48.4768722,4431
Japan,JPN,2018,32.9252322,45.5457488,4166
Japan,JPN,2019,31.0458333,42.8612322,3920
Japan,JPN,2020,27.14644,37.4190499,3416
Kazakstan,KAZ,2003,184.720403,,2754
Kazakstan,KAZ,2004,208.885855,,3136
Kazakstan,KAZ,2005,222.749953,,3374
Kazakstan,KAZ,2006,279.002893,,4271
Kazakstan,KAZ,2007,281.900405,,4365
Kazakstan,KAZ,2008,212.398629,,3351
Kazakstan,KAZ,2009,180.080287,,2898
Kazakstan,KAZ,2010,171.365147,,2797
Kazakstan,KAZ,2011,147.911465,,2449
Kazakstan,KAZ,2012,179.965686,,3022
Kazakstan,KAZ,2013,178.274245,,3037
Kazakstan,KAZ,2014,149.523218,,2585
Kazakstan,KAZ,2015,139.829398,,2453
Kazakstan,KAZ,2016,134.314522,,2390
Kazakstan,KAZ,2017,115.646186,,2086
Kazakstan,KAZ,2018,114.683091,,2096
Kazakstan,KAZ,2019,105.165517,,1947
Kazakstan,KAZ,2020,106.481452,,1997
"Korea, Republic of",KOR,2000,217.749656,685.737255,10236
"Korea, Republic of",KOR,2001,170.930377,513.443247,8097
"Korea, Republic of",KOR,2002,151.580229,437.829645,7222
"Korea, Republic of",KOR,2003,150.587787,411.667333,7212
"Korea, Republic of",KOR,2004,136.494513,361.358881,6563
"Korea, Republic of",KOR,2005,132.324543,344.406633,6376
"Korea, Republic of",KOR,2006,130.6198,333.473884,6327
"Korea, Republic of",KOR,2007,126.654462,316.633704,6166
"Korea, Republic of",KOR,2008,119.662317,293.332727,5870
"Korea, Republic of",KOR,2009,118.399033,286.349207,5838
"Korea, Republic of",KOR,2010,111.09068,264.261314,5505
"Korea, Republic of",KOR,2011,104.712696,243.784157,5229
"Korea, Republic of",KOR,2012,107.410673,246.111623,5392
"Korea, Republic of",KOR,2013,100.97386,227.30845,5092
"Korea, Republic of",KOR,2014,93.83869,207.500249,4762
"Korea, Republic of",KOR,2015,90.5812957,195.317494,4621
"Korea, Republic of",KOR,2016,83.7989868,174.679776,4292
"Korea, Republic of",KOR,2017,81.4806131,164.707591,4185
"Korea, Republic of",KOR,2018,73.2657757,144.50238,3781
"Korea, Republic of",KOR,2019,64.7661655,124.755146,3349
"Korea, Republic of",KOR,2020,59.5010728,112.603603,3081
Lithuania,LTU,2000,183.16714,498.2929,641
Lithuania,LTU,2001,203.410262,510.217355,706
Lithuania,LTU,2002,202.435793,471.232825,697
Lithuania,LTU,2003,207.600522,448.59903,709
Lithuania,LTU,2004,222.677909,460.120635,752
Lithuania,LTU,2005,232.654172,434.213069,773
Lithuania,LTU,2006,232.42237,389.683239,760
Lithuania,LTU,2007,229.010421,374.945152,740
Lithuania,LTU,2008,156.023752,236.846702,499
Lithuania,LTU,2009,116.98066,173.40607,370
Lithuania,LTU,2010,96.5362534,139.423319,299
Lithuania,LTU,2011,97.7505808,136.153051,296
Lithuania,LTU,2012,101.078629,134.949028,302
Lithuania,LTU,2013,86.554063,112.479168,256
Lithuania,LTU,2014,91.0527229,179.32714,267
Lithuania,LTU,2015,83.3072281,156.213892,242
Lithuania,LTU,2016,66.9402151,118.95616,192
Lithuania,LTU,2017,67.5292736,121.01337,191
Lithuania,LTU,2018,61.7516847,106.247605,173
Lithuania,LTU,2019,66.56796,108.198352,186
Lithuania,LTU,2020,62.9763481,98.1611516,176
Luxembourg,LUX,2000,174.19207,238.30876,76
Luxembourg,LUX,2001,158.541419,211.292689,70
Luxembourg,LUX,2002,138.958929,181.848045,62
Luxembourg,LUX,2003,117.3527,150.47969,53
Luxembourg,LUX,2004,109.147666,138.600523,50
Luxembourg,LUX,2005,101.040937,127.489089,47
Luxembourg,LUX,2006,90.9789119,113.6652,43
Luxembourg,LUX,2007,93.7513672,116.017954,45
Luxembourg,LUX,2008,71.6259081,88.0607267,35
Luxembourg,LUX,2009,96.4275598,117.707355,48
Luxembourg,LUX,2010,63.1222224,77.7750502,32
Luxembourg,LUX,2011,63.6639163,78.7300133,33
Luxembourg,LUX,2012,64.036644,79.0519348,34
Luxembourg,LUX,2013,82.8180212,101.7669,45
Luxembourg,LUX,2014,62.9135442,81.1603613,35
Luxembourg,LUX,2015,63.2018034,81.2182741,36
Luxembourg,LUX,2016,54.9814953,70.5098967,32
Luxembourg,LUX,2017,58.6917443,75.0312988,35
Luxembourg,LUX,2018,59.215396,74.6886417,36
Latvia,LVA,2000,248.358007,,588
Latvia,LVA,2001,221.2077,,517
Latvia,LVA,2002,224.225632,,518
Latvia,LVA,2003,215.476266,,493
Latvia,LVA,2004,228.003616,,516
Latvia,LVA,2005,197.427281,,442
Latvia,LVA,2006,183.469117,,407
Latvia,LVA,2007,190.426414,,419
Latvia,LVA,2008,145.132415,,316
Latvia,LVA,2009,118.599093,,254
Latvia,LVA,2010,103.930529,,218
Latvia,LVA,2011,86.9054803,,179
Latvia,LVA,2012,87.0070033,,177
Latvia,LVA,2013,88.9376031,228.952956,179
Latvia,LVA,2014,106.330582,265.736755,212
Latvia,LVA,2015,95.0682342,227.988222,188
Latvia,LVA,2016,80.631292,195.606771,158
Latvia,LVA,2017,70.0219539,162.009682,136
Latvia,LVA,2018,78.3530704,174.98705,151
Latvia,LVA,2019,70.5394755,,135
Latvia,LVA,2020,74.1501135,,141
Morocco,MAR,2000,125.965177,2165.37313,3627
Morocco,MAR,2010,116.809051,1353.63669,3778
Morocco,MAR,2011,128.79074,,4222
Morocco,MAR,2012,125.353853,1333.86684,4167
Morocco,MAR,2013,113.656232,1166.15946,3832
Morocco,MAR,2014,102.040345,1014.83421,3489
Morocco,MAR,2015,108.932688,1051.81058,3776
Morocco,MAR,2016,107.754099,998.293801,3785
Morocco,MAR,2017,104.718054,918.503633,3726
Morocco,MAR,2018,96.7273971,808.238888,3485
"Moldova, Republic of",MDA,2000,138.861195,,406
"Moldova, Republic of",MDA,2001,143.971107,,420
"Moldova, Republic of",MDA,2002,141.556239,,412
"Moldova, Republic of",MDA,2003,146.434576,,425
"Moldova, Republic of",MDA,2004,139.88927,,405
"Moldova, Republic of",MDA,2005,135.382608,,391
"Moldova, Republic of",MDA,2006,132.634514,,382
"Moldova, Republic of",MDA,2007,161.479542,,464
"Moldova, Republic of",MDA,2008,177.477821,,509
"Moldova, Republic of",MDA,2009,170.021359,,487
"Moldova, Republic of",MDA,2010,157.95983,,452
"Moldova, Republic of",MDA,2011,154.90415,,443
"Moldova, Republic of",MDA,2012,154.225031,,441
"Moldova, Republic of",MDA,2013,105.29291,,301
"Moldova, Republic of",MDA,2014,113.407655,,324
"Moldova, Republic of",MDA,2015,105.132068,,298
"Moldova, Republic of",MDA,2016,110.985415,,311
"Moldova, Republic of",MDA,2017,109.612588,,302
"Moldova, Republic of",MDA,2018,101.173689,,274
"Moldova, Republic of",MDA,2019,104.008222,,277
"Moldova, Republic of",MDA,2020,93.5893224,,245
"Macedonia, The Former Yugoslav Republic Of",MKD,2000,79.6138042,,162
"Macedonia, The Former Yugoslav Republic Of",MKD,2001,52.3779594,,107
"Macedonia, The Former Yugoslav Republic Of",MKD,2002,85.8984934,,176
"Macedonia, The Former Yugoslav Republic Of",MKD,2003,57.4649391,,118
"Macedonia, The Former Yugoslav Republic Of",MKD,2004,75.3508432,,155
"Macedonia, The Former Yugoslav Republic Of",MKD,2005,69.4080416,,143
"Macedonia, The Former Yugoslav Republic Of",MKD,2006,67.8579945,,140
"Macedonia, The Former Yugoslav Republic Of",MKD,2007,83.7606904,,173
"Macedonia, The Former Yugoslav Republic Of",MKD,2008,78.3627411,,162
"Macedonia, The Former Yugoslav Republic Of",MKD,2009,77.3309232,,160
"Macedonia, The Former Yugoslav Republic Of",MKD,2010,78.2330156,,162
"Macedonia, The Former Yugoslav Republic Of",MKD,2011,82.9921968,,172
"Macedonia, The Former Yugoslav Republic Of",MKD,2012,63.6366923,,132
"Macedonia, The Former Yugoslav Republic Of",MKD,2013,95.3727364,475.52031,198
"Macedonia, The Former Yugoslav Republic Of",MKD,2014,62.566778,,130
"Macedonia, The Former Yugoslav Republic Of",MKD,2015,71.1766021,339.594414,148
"Macedonia, The Former Yugoslav Republic Of",MKD,2016,79.2984824,366.5282,165
"Macedonia, The Former Yugoslav Republic Of",MKD,2017,74.4477895,335.263441,155
"Macedonia, The Former Yugoslav Republic Of",MKD,2018,63.8515341,280.455223,133
"Macedonia, The Former Yugoslav Republic Of",MKD,2019,63.3562088,,132
"Macedonia, The Former Yugoslav Republic Of",MKD,2020,59.998656,,125
Malta,MLT,2000,38.4529605,,15
Malta,MLT,2001,40.7095678,,16
Malta,MLT,2002,40.4072036,,16
Malta,MLT,2003,42.6511985,,17
Malta,MLT,2004,32.3973006,47.8287583,13
Malta,MLT,2005,39.62024,59.3456401,16
Malta,MLT,2006,24.6725947,36.1501533,10
Malta,MLT,2007,34.4213767,49.151263,14
Malta,MLT,2008,36.6408634,51.3832367,15
Malta,MLT,2009,50.9119296,70.8951697,21
Malta,MLT,2010,36.1874801,49.4972727,15
Malta,MLT,2011,40.8390748,54.7999961,17
Malta,MLT,2012,21.427143,28.7790949,9
Malta,MLT,2013,42.2567945,56.0023645,18
Malta,MLT,2014,23.0118879,29.9703593,10
Malta,MLT,2015,24.7161574,31.917363,11
Malta,MLT,2016,50.5099307,64.4774245,23
Malta,MLT,2017,40.5983773,51.3881564,19
Montenegro,MNE,2005,154.657385,,95
Montenegro,MNE,2006,138.205764,,85
Montenegro,MNE,2007,198.092145,,122
Montenegro,MNE,2008,181.532622,,112
Montenegro,MNE,2009,161.735356,,100
Montenegro,MNE,2010,153.3673,,95
Montenegro,MNE,2011,93.5364687,,58
Montenegro,MNE,2012,74.1216982,,46
Montenegro,MNE,2013,119.122933,,74
Montenegro,MNE,2014,104.533539,,65
Montenegro,MNE,2015,81.9726147,,51
Montenegro,MNE,2016,104.450726,315.6535,65
Montenegro,MNE,2017,101.225471,291.638313,63
Netherlands,NLD,2000,73.2158518,,1166
Netherlands,NLD,2001,67.4926992,,1083
Netherlands,NLD,2002,66.0105695,,1066
Netherlands,NLD,2003,67.0557627,,1088
Netherlands,NLD,2004,54.1095663,,881
Netherlands,NLD,2005,50.0616794,,817
Netherlands,NLD,2006,49.614278,,811
Netherlands,NLD,2007,48.2855988,82.6133215,791
Netherlands,NLD,2008,45.6049229,76.1727712,750
Netherlands,NLD,2009,43.5561464,71.1234813,720
Netherlands,NLD,2010,38.5184968,62.1618311,640
Netherlands,NLD,2011,39.5972605,63.0735121,661
Netherlands,NLD,2012,38.7944777,61.1293966,650
Netherlands,NLD,2013,33.9196231,53.2833978,570
Netherlands,NLD,2014,33.7977901,53.2119826,570
Netherlands,NLD,2015,36.6589624,57.6291373,621
Netherlands,NLD,2016,36.9341399,57.510885,629
Netherlands,NLD,2017,35.782465,55.3438156,613
Netherlands,NLD,2018,39.3462624,60.0690156,678
Netherlands,NLD,2019,38.109242,57.2139226,661
Netherlands,NLD,2020,34.97478,51.8702631,610
Norway,NOR,2000,75.930195,122.794382,341
Norway,NOR,2001,60.924938,97.5177305,275
Norway,NOR,2002,68.3096383,107.526882,310
Norway,NOR,2003,61.3382024,95.1086957,280
Norway,NOR,2004,55.9679959,85.4672431,257
Norway,NOR,2005,48.4503355,72.6329442,224
Norway,NOR,2006,51.923787,76.1245675,242
Norway,NOR,2007,49.4781121,72.3175766,233
Norway,NOR,2008,53.4791658,77.5379305,255
Norway,NOR,2009,43.90392,63.331771,212
Norway,NOR,2010,42.5422948,60.7103047,208
Norway,NOR,2011,33.9182344,47.8503787,168
Norway,NOR,2012,28.8926753,40.2960117,145
Norway,NOR,2013,36.8137557,50.9385773,187
Norway,NOR,2014,28.6146314,39.3021331,147
Norway,NOR,2015,22.5494049,30.6913905,117
Norway,NOR,2016,25.7903353,34.759655,135
Norway,NOR,2017,20.0872926,26.8359933,106
Norway,NOR,2018,20.3316468,27.1278876,108
Norway,NOR,2019,20.1948579,26.6702951,108
Norway,NOR,2020,17.2879324,22.82287,93
New Zealand,NZL,2000,119.760479,177.555726,462
New Zealand,NZL,2001,117.252931,172.806684,455
New Zealand,NZL,2002,102.570596,149.446494,405
New Zealand,NZL,2003,114.471593,164.584077,461
New Zealand,NZL,2004,106.422018,148.921602,435
New Zealand,NZL,2005,97.9704395,133.663366,405
New Zealand,NZL,2006,93.9157865,125.800256,393
New Zealand,NZL,2007,99.67328,132.016306,421
New Zealand,NZL,2008,85.9195267,112.684729,366
New Zealand,NZL,2009,89.2483615,119.254658,384
New Zealand,NZL,2010,86.1930264,116.078623,375
New Zealand,NZL,2011,64.7810219,87.8291661,284
New Zealand,NZL,2012,69.8713732,94.7673063,308
New Zealand,NZL,2013,56.9550438,76.557352,253
New Zealand,NZL,2014,64.6518322,85.931435,292
New Zealand,NZL,2015,68.7725084,90.1905154,317
New Zealand,NZL,2016,69.366369,89.4335003,327
New Zealand,NZL,2017,78.5275054,98.7651482,378
New Zealand,NZL,2018,77.1334122,95.085752,378
New Zealand,NZL,2019,70.2910048,,350
New Zealand,NZL,2020,62.5454832,,318
Poland,POL,2000,164.511907,,6294
Poland,POL,2001,144.687016,,5534
Poland,POL,2002,152.418115,,5827
Poland,POL,2003,147.626318,346.033499,5640
Poland,POL,2004,149.598418,335.782729,5712
Poland,POL,2005,142.64212,317.397388,5444
Poland,POL,2006,137.46266,284.327549,5243
Poland,POL,2007,146.4564,279.205841,5583
Poland,POL,2008,142.606997,246.743817,5437
Poland,POL,2009,119.837691,207.591718,4572
Poland,POL,2010,102.700133,169.596736,3907
Poland,POL,2011,110.053646,173.177891,4189
Poland,POL,2012,93.9753721,143.793214,3577
Poland,POL,2013,88.2487567,130.70394,3357
Poland,POL,2014,84.2371441,120.957993,3202
Poland,POL,2015,77.3434459,107.191069,2938
Poland,POL,2016,79.6943131,105.800496,3026
Poland,POL,2017,74.549387,95.5289354,2831
Poland,POL,2018,75.3658681,92.9190611,2862
Poland,POL,2019,76.6222469,90.9375098,2909
Poland,POL,2020,65.6376116,,2491
Portugal,PRT,2000,180.468261,391.524352,1857
Portugal,PRT,2001,161.251069,337.099052,1671
Portugal,PRT,2002,160.754253,327.084554,1675
Portugal,PRT,2003,147.817809,297.479315,1546
Portugal,PRT,2004,123.42781,241.147969,1294
Portugal,PRT,2005,118.724252,227.513228,1247
Portugal,PRT,2006,92.0902374,174.689021,969
Portugal,PRT,2007,92.3838875,172.480963,974
Portugal,PRT,2008,83.8212885,154.828551,885
Portugal,PRT,2009,69.7372043,127.707503,737
Portugal,PRT,2010,88.6211234,161.691113,937
Portugal,PRT,2011,84.3945002,,891
Portugal,PRT,2012,68.2844177,124.329004,718
Portugal,PRT,2013,60.9144143,111.285814,637
Portugal,PRT,2014,61.3398901,111.499476,638
Portugal,PRT,2015,57.2500144,102.897796,593
Portugal,PRT,2016,54.5254581,96.9686531,563
Portugal,PRT,2017,58.4448997,97.6527649,602
Portugal,PRT,2018,65.6370754,,675
Portugal,PRT,2019,60.8578645,,626
Romania,ROU,2000,111.348894,735.692416,2499
Romania,ROU,2001,111.196608,700.520907,2461
Romania,ROU,2002,110.35183,663.163717,2398
Romania,ROU,2003,103.595357,596.763858,2235
Romania,ROU,2004,112.718087,619.237861,2418
Romania,ROU,2005,123.876127,654.701406,2641
Romania,ROU,2006,122.06423,687.666135,2587
Romania,ROU,2007,134.080468,657.987498,2800
Romania,ROU,2008,149.236472,637.108173,3065
Romania,ROU,2009,137.326711,553.444933,2797
Romania,ROU,2010,117.400857,462.685405,2377
Romania,ROU,2011,100.161171,389.087053,2018
Romania,ROU,2012,101.804589,380.225305,2042
Romania,ROU,2013,93.1259302,330.668088,1861
Romania,ROU,2014,91.3155818,308.493603,1818
Romania,ROU,2015,95.5307168,305.314899,1893
Romania,ROU,2016,97.0954256,290.574128,1913
Romania,ROU,2017,99.5981615,271.597462,1951
Romania,ROU,2018,95.871566,242.154179,1867
Romania,ROU,2019,96.2230988,226.3949,1864
Russia Federation,RUS,2000,201.873343,,29594
Russia Federation,RUS,2001,211.78754,,30916
Russia Federation,RUS,2002,228.778483,,33243
Russia Federation,RUS,2003,246.127481,,35602
Russia Federation,RUS,2004,239.513034,,34506
Russia Federation,RUS,2005,236.603126,,33957
Russia Federation,RUS,2006,228.759756,,32724
Russia Federation,RUS,2007,233.240947,,33308
Russia Federation,RUS,2008,209.720497,,29936
Russia Federation,RUS,2009,193.71035,,27659
Russia Federation,RUS,2010,185.978992,,26567
Russia Federation,RUS,2011,195.528976,,27953
Russia Federation,RUS,2012,195.465528,,27991
Russia Federation,RUS,2013,188.318346,,27025
Russia Federation,RUS,2014,187.443071,,26958
Russia Federation,RUS,2015,160.405982,,23114
Russia Federation,RUS,2016,140.693243,,20308
Russia Federation,RUS,2017,132.099867,,19088
Russia Federation,RUS,2018,126.06776,,18214
Russia Federation,RUS,2019,117.591854,,16981
Russia Federation,RUS,2020,112.085654,,16152
Republic of Serbia,SRB,2000,139.429451,,1048
Republic of Serbia,SRB,2001,169.655676,,1273
Republic of Serbia,SRB,2002,112.985729,,847
Republic of Serbia,SRB,2003,114.69682,,858
Republic of Serbia,SRB,2004,127.69395,,953
Republic of Serbia,SRB,2005,113.025952,,841
Republic of Serbia,SRB,2006,121.431778,,900
Republic of Serbia,SRB,2007,130.32442,,962
Republic of Serbia,SRB,2008,122.03713,,897
Republic of Serbia,SRB,2009,110.370346,,808
Republic of Serbia,SRB,2010,89.9685604,362.4774,656
Republic of Serbia,SRB,2011,100.634509,380.263092,728
Republic of Serbia,SRB,2012,95.01218,343.351776,684
Republic of Serbia,SRB,2013,90.1714262,315.261435,646
Republic of Serbia,SRB,2014,75.169243,257.080999,536
Republic of Serbia,SRB,2015,84.7029681,279.283399,601
Republic of Serbia,SRB,2016,85.8561001,270.757397,606
Republic of Serbia,SRB,2017,82.3261203,237.612984,578
Republic of Serbia,SRB,2018,77.6214719,219.189339,542
Republic of Serbia,SRB,2019,76.4552963,199.59112,531
Republic of Serbia,SRB,2020,71.2194625,,492
Slovakia,SVK,2000,120.251191,,648
Slovakia,SVK,2001,116.195474,,625
Slovakia,SVK,2002,116.423702,,626
Slovakia,SVK,2003,121.525135,,653
Slovakia,SVK,2004,113.17355,,608
Slovakia,SVK,2005,111.67347,,600
Slovakia,SVK,2006,113.157247,,608
Slovakia,SVK,2007,122.985393,,661
Slovakia,SVK,2008,112.655466,,606
Slovakia,SVK,2009,71.2905785,,384
Slovakia,SVK,2010,65.4743048,,353
Slovakia,SVK,2011,60.2032016,,325
Slovakia,SVK,2012,65.0938248,,352
Slovakia,SVK,2013,46.366484,108.60568,251
Slovakia,SVK,2014,54.4416145,123.284053,295
Slovakia,SVK,2015,57.1554893,124.136351,310
Slovakia,SVK,2016,50.6371255,105.878775,275
Slovakia,SVK,2017,50.7424578,101.65465,276
Slovakia,SVK,2018,47.7347037,91.8547451,260
Slovakia,SVK,2019,49.5036162,,270
Slovakia,SVK,2020,45.2478161,,247
Slovenia,SVN,2000,157.371444,,313
Slovenia,SVN,2001,139.554029,,278
Slovenia,SVN,2002,134.367495,,268
Slovenia,SVN,2003,121.258705,223.041475,242
Slovenia,SVN,2004,137.204984,250.228311,274
Slovenia,SVN,2005,128.969434,229.741763,258
Slovenia,SVN,2006,130.551686,221.283784,262
Slovenia,SVN,2007,145.184483,243.963364,293
Slovenia,SVN,2008,105.87162,170.517928,214
Slovenia,SVN,2009,83.8371324,130.733945,171
Slovenia,SVN,2010,67.3636362,103.622274,138
Slovenia,SVN,2011,68.6852331,105.418748,141
Slovenia,SVN,2012,63.1939485,96.1896327,130
Slovenia,SVN,2013,60.6809961,92.6680999,125
Slovenia,SVN,2014,52.3768417,79.9166499,108
Slovenia,SVN,2015,58.1527489,87.4157076,120
Slovenia,SVN,2016,62.9527148,93.1758709,130
Slovenia,SVN,2017,50.329367,73.0420687,104
Slovenia,SVN,2018,43.8788096,61.6327393,91
Slovenia,SVN,2019,48.841569,67.3121151,102
Slovenia,SVN,2020,38.0929525,51.8487649,80
Sweden,SWE,2000,66.6132483,122.057001,591
Sweden,SWE,2001,65.5353666,117.04477,583
Sweden,SWE,2002,62.7453933,110.869135,560
Sweden,SWE,2003,59.0518505,103.360688,529
Sweden,SWE,2004,53.3716957,92.3432089,480
Sweden,SWE,2005,48.728777,83.1600832,440
Sweden,SWE,2006,49.006085,82.6369545,445
Sweden,SWE,2007,51.486146,85.7611071,471
Sweden,SWE,2008,43.0602637,70.8802,397
Sweden,SWE,2009,38.5007714,63.4751773,358
Sweden,SWE,2010,28.3638757,47.0463389,266
Sweden,SWE,2011,33.7594253,56.7817729,319
Sweden,SWE,2012,29.9389435,49.5049505,285
Sweden,SWE,2013,27.0822641,44.7273353,260
Sweden,SWE,2014,27.8462187,45.5850076,270
Sweden,SWE,2015,26.4307668,43.0161103,259
Sweden,SWE,2016,27.2092802,43.902439,270
Sweden,SWE,2017,25.0554352,40.160105,252
Sweden,SWE,2018,31.8420821,51.1736939,324
Sweden,SWE,2019,21.5003823,34.7268926,221
Sweden,SWE,2020,19.7035923,31.6096714,204
Turkey,TUR,2015,95.8876389,411.4907,7530
Turkey,TUR,2016,91.4467614,377.755676,7300
Turkey,TUR,2017,91.5597257,364.41298,7427
Turkey,TUR,2018,81.0662218,318.160623,6675
Turkey,TUR,2019,65.6002131,,5473
Turkey,TUR,2020,57.6956821,,4866
Ukraine,UKR,2000,105.43654,,5185
Ukraine,UKR,2001,122.969685,,5984
Ukraine,UKR,2002,124.101524,,5982
Ukraine,UKR,2003,149.520165,,7149
Ukraine,UKR,2004,146.802135,,6966
Ukraine,UKR,2005,153.465105,,7229
Ukraine,UKR,2006,162.264571,,7592
Ukraine,UKR,2007,205.851059,,9574
Ukraine,UKR,2008,166.846134,,7718
Ukraine,UKR,2009,116.126236,,5348
Ukraine,UKR,2010,106.276897,,4875
Ukraine,UKR,2011,107.381761,,4908
Ukraine,UKR,2012,112.538361,,5131
Ukraine,UKR,2013,106.243952,,4833
Ukraine,UKR,2014,98.0514402,,4439
Ukraine,UKR,2015,88.6520975,,4003
Ukraine,UKR,2016,75.7699095,,3410
Ukraine,UKR,2017,76.5539396,,3432
United States,USA,2000,148.65552,193.269993,41945
United States,USA,2001,148.07227,190.733626,42196
United States,USA,2002,149.517501,190.553205,43005
United States,USA,2003,147.820846,185.940434,42884
United States,USA,2004,146.295167,180.021769,42836
United States,USA,2005,147.233692,177.137786,43510
United States,USA,2006,143.13296,169.870533,42708
United States,USA,2007,136.967881,160.246551,41259
United States,USA,2008,123.063935,144.28979,37423
United States,USA,2009,110.450276,130.843612,33883
United States,USA,2010,106.679937,128.244971,32999
United States,USA,2011,104.238517,122.542213,32479
United States,USA,2012,106.923824,126.336738,33561
United States,USA,2013,103.521501,121.499043,32719
United States,USA,2014,102.626894,118.902536,32675
United States,USA,2015,110.635129,126.140882,35485
United States,USA,2016,115.952569,130.057608,37461
United States,USA,2017,115.258227,129.067749,37473
United States,USA,2018,111.85963,123.082635,36560
United States,USA,2019,109.938188,120.614656,36096
United States,USA,2020,117.395642,,38680