zomet,ishuv,rehov1,rehov2
50001,26,103,115
60001,28,104,117
60001,28,117,193
60001,28,104,193
90008,28,105,109
140001,31,107,112
190001,31,109,121
380001,31,110,114
460001,31,107,122
610044,31,166,167
610186,31,109,354
610186,31,110,354
610186,31,109,110
70002,41,101,104
70002,41,101,153
70002,41,104,153
20017,43,103,113
80029,53,122,201
20001,65,119,135
20001,65,111,135
20001,65,111,119
20014,70,128,247
20014,70,247,254
20014,70,128,254
50007,70,161,163
60014,70,218,240
60014,70,240,298
60014,70,218,298
90013,70,217,240
180007,70,181,213
190001,70,165,270
190001,70,165,507
190001,70,270,507
190007,70,212,213
7480002,70,118,126
7490002,70,126,144
7530002,70,126,189
7540002,70,181,189
7630003,70,128,180
7630003,70,128,256
7630003,70,180,256
7640003,70,256,302
7650004,70,180,189
7660005,70,147,180
7660005,70,180,240
7660005,70,147,240
7710005,70,126,145
7720006,70,157,158
7760007,70,165,180
7780008,70,165,207
7780008,70,207,212
7780008,70,165,212
7890014,70,248,257
7910013,70,189,302
7920011,70,165,302
7930011,70,165,217
7930011,70,217,232
7930011,70,165,232
7950011,70,232,260
8000009,70,180,586
8000009,70,180,750
8000009,70,586,750
8010009,70,180,201
8010009,70,180,220
8010009,70,201,220
8020010,70,196,201
8060011,70,206,302
8070011,70,260,302
8070011,70,302,307
8070011,70,260,307
8080001,70,165,181
8100071,70,256,421
8110072,70,408,415
8140014,70,258,433
8140014,70,259,433
8140014,70,258,259
8150071,70,406,421
8190031,70,488,506
8220003,70,307,309
8240014,70,240,278
8300054,70,240,302
8300054,70,302,854
8300054,70,240,854
8330071,70,401,402
8460041,70,302,335
8460041,70,302,586
8460041,70,335,586
8540073,70,801,802
8560073,70,406,407
8610011,70,307,580
8610011,70,307,701
8610011,70,580,701
8630073,70,801,807
8630073,70,807,812
8630073,70,801,812
8670001,70,165,580
8760052,70,702,710
8760052,70,703,710
8760052,70,702,703
8810052,70,704,710
8810052,70,710,731
8810052,70,704,731
8830071,70,165,391
8830071,70,165,814
8830071,70,391,814
8850326,70,165,622
8900001,70,189,580
8940132,70,488,498
8960041,70,302,554
9020052,70,189,340
9190335,70,392,622
9190335,70,622,680
9190335,70,392,680
9200073,70,801,817
9210001,70,189,851
9220073,70,801,814
9230007,70,500,501
9240073,70,802,817
9330041,70,580,596
9370211,70,206,580
9380123,70,165,206
9380123,70,165,597
9380123,70,206,597
9400071,70,256,340
9450137,70,750,758
9510003,70,256,580
9510003,70,256,332
9510003,70,332,580
9530001,70,853,856
9550325,70,335,340
9580331,70,340,390
9580331,70,390,855
9580331,70,340,855
9650071,70,601,697
9680325,70,335,580
9770007,70,501,502
9770007,70,213,501
9770007,70,213,502
9840052,70,360,366
9840052,70,366,390
9840052,70,360,390
9880001,70,304,309
9880003,70,580,856
9880003,70,856,6005
9880003,70,580,6005
9880003,70,852,856
9880003,70,580,852
9880003,70,852,6005
9900002,70,206,750
9960001,70,410,415
9990001,70,230,231
10010001,70,386,392
10150024,70,186,219
10150024,70,186,325
10150024,70,219,325
10150026,70,202,232
10150080,70,309,335
10150081,70,326,329
10150083,70,328,755
10150083,70,328,758
10150083,70,755,758
10150094,70,370,371
10150098,70,377,386
10150149,70,500,502
10150151,70,504,505
10150156,70,554,562
10150197,70,655,665
10150206,70,669,697
10150208,70,678,740
10150276,70,851,852
10150277,70,852,854
10150280,70,855,856
10150290,70,189,597
10150310,70,377,391
10150310,70,365,391
10150310,70,365,377
10150319,70,207,285
10150342,70,189,481
10150342,70,481,486
10150342,70,189,486
10150345,70,213,597
10150362,70,335,345
10150371,70,500,513
10150380,70,256,339
10150383,70,189,513
70071,122,138,139
10001,154,115,151
140001,154,115,202
140001,154,115,210
140001,154,202,210
220093,154,241,246
20001,166,140,144
20001,166,126,144
20001,166,126,140
50001,166,113,116
230001,166,126,129
430021,166,116,124
430021,166,116,154
430021,166,124,154
430021,166,116,126
430021,166,124,126
430021,166,126,154
430067,166,138,139
430067,166,139,376
430067,166,138,376
430123,166,199,375
430123,166,199,261
430123,166,261,375
430125,166,261,360
180024,168,112,201
180024,168,112,217
180024,168,201,217
180057,168,139,204
180063,168,150,169
180157,168,112,204
180159,168,190,270
260140,182,132,215
310074,195,137,198
310181,195,256,253
310182,195,167,277
1,198,101,103
1,198,101,106
1,198,103,106
60001,229,101,103
60001,229,103,120
60001,229,101,120
570001,229,135,170
640035,229,140,136
640036,229,128,130
190002,240,155,258
190021,240,155,156
190064,240,210,259
190064,240,154,259
190064,240,154,210
10025,241,110,116
40002,246,109,112
40002,246,112,113
40002,246,109,113
100002,246,112,116
240002,246,112,120
390001,246,159,171
610002,246,155,253
610018,246,120,155
610018,246,120,243
610018,246,155,243
610055,246,185,270
610097,246,242,243
610100,246,152,153
610100,246,153,253
610100,246,153,202
610100,246,152,253
610100,246,152,202
610100,246,202,253
420001,267,102,105
440001,267,102,106
440001,267,106,120
440001,267,102,120
2,389,107,112
9610010,466,111,124
9610010,466,111,128
9610010,466,111,144
9610010,466,124,128
9610010,466,124,144
9610010,466,128,144
240018,469,182,192
240092,469,135,182
240092,469,181,182
240092,469,135,181
240095,469,120,215
10002,499,300,301
10002,499,301,410
10002,499,300,410
10006,499,102,300
250001,565,101,107
250001,565,101,157
250001,565,107,157
310001,565,101,134
490001,565,118,150
640001,565,107,112
9960002,565,101,103
9960002,565,101,127
9960002,565,127,103
9960024,565,137,143
9960035,565,163,165
420001,587,118,133
730001,587,103,105
730001,587,103,109
730001,587,105,109
840037,587,133,111
840039,587,138,106
80001,681,143,162
80001,681,144,162
490001,681,112,117
770001,681,127,134
1610001,681,162,163
67780011,681,127,133
67780011,681,127,222
67780011,681,133,222
67780027,681,148,152
67780028,681,152,153
130084,831,138,160
60002,874,142,6502
350002,874,124,241
350002,874,202,241
350002,874,124,202
440008,874,240,241
440008,874,137,241
440008,874,137,240
510001,874,120,196
510001,874,196,241
510001,874,120,241
570067,874,134,145
7070004,922,113,123
7070004,922,113,122
7070004,922,122,123
20001,1015,142,154
40001,1015,163,166
40001,1015,166,170
40001,1015,163,170
150001,1015,154,253
150001,1015,166,253
150001,1015,154,166
150001,1015,166,6001
150001,1015,154,6001
150001,1015,253,6001
210001,1015,126,154
360001,1015,110,309
360001,1015,126,309
360001,1015,110,126
430123,1015,126,112
430124,1015,124,187
50002,1020,103,105
140001,1020,103,106
150001,1020,105,124
260001,1020,182,186
260001,1020,182,216
260001,1020,186,216
290001,1020,219,220
640018,1020,105,215
640018,1020,135,215
640018,1020,105,135
640068,1020,161,165
640068,1020,150,161
640068,1020,150,165
200001,1031,190,222
200001,1031,222,235
200001,1031,190,235
350001,1031,258,274
570001,1031,258,280
670059,1031,129,275
670059,1031,129,337
670059,1031,275,337
670059,1031,258,275
670059,1031,258,337
670059,1031,129,258
670189,1031,235,337
130001,1034,103,145
270003,1034,139,161
50002,1061,111,129
50002,1061,112,129
50002,1061,111,112
7010002,1061,124,159
7010002,1061,124,158
7010002,1061,158,159
7070002,1061,145,159
7070002,1061,145,161
7070002,1061,159,161
7580004,1061,144,146
7600002,1061,109,141
7820003,1061,135,159
7850009,1061,151,159
8060001,1061,310,315
8080001,1061,258,262
8110001,1061,150,167
8150049,1061,258,266
60001,1063,235,239
160004,1063,102,121
160018,1063,105,111
160018,1063,105,112
160018,1063,111,112
40001,1066,102,121
2,1137,121,120
30002,1139,105,123
30002,1139,123,174
30002,1139,105,174
80002,1139,117,118
80002,1139,117,159
80002,1139,118,159
160002,1139,117,174
200001,1139,162,174
310003,1139,140,199
360002,1139,285,288
360002,1139,288,294
360002,1139,285,294
380002,1139,118,120
380002,1139,118,121
380002,1139,120,121
420001,1139,188,294
420001,1139,174,294
420001,1139,174,188
500003,1139,140,161
540001,1139,117,152
610001,1139,135,152
750001,1139,303,304
8340025,1139,284,285
8340148,1139,188,373
8340160,1139,118,136
8340169,1139,117,136
8340182,1139,359,355
1,1149,105,118
40001,1200,100,120
220001,1200,160,165
360001,1200,303,305
490001,1200,441,455
670001,1200,100,137
720001,1200,443,705
780107,1200,410,443
780180,1200,443,453
780200,1200,443,706
780210,1200,621,630
780213,1200,303,600
110001,1304,145,195
10001,1309,103,105
10001,1309,103,114
10001,1309,105,114
40001,1309,101,103
140019,1309,123,125
140039,1309,105,220
2,2035,103,109
50004,2100,431,439
80006,2100,305,431
8220054,2100,443,453
8220061,2100,450,454
8220067,2100,113,121
7400006,2200,143,275
9800005,2200,130,165
9800118,2200,311,312
9800161,2200,401,405
30001,2300,101,111
140001,2300,101,154
8110003,2300,146,190
8130030,2300,142,160
40003,2400,308,326
70002,2400,208,215
70002,2400,216,270
70002,2400,208,270
70002,2400,215,208
70002,2400,215,216
70002,2400,215,270
70002,2400,216,270
70002,2400,208,216
70002,2400,208,270
70002,2400,215,216
70002,2400,215,270
7020003,2400,308,322
7550001,2400,202,209
7610001,2400,104,130
7840007,2400,205,243
7840007,2400,205,231
7840007,2400,231,243
8050002,2400,230,239
8070001,2400,150,152
8140025,2400,202,270
8140025,2400,202,239
8140025,2400,239,270
8140025,2400,104,270
8140025,2400,104,202
8140025,2400,104,239
8140128,2400,202,275
8140131,2400,104,133
450001,2500,123,173
1190001,2500,122,131
12240001,2500,173,255
15140002,2500,150,173
15140002,2500,150,254
15140002,2500,173,254
15160001,2500,141,173
15440001,2500,124,135
15440001,2500,124,138
15440001,2500,135,138
15470001,2500,256,257
15480001,2500,138,185
15480001,2500,124,185
15480001,2500,124,138
15520001,2500,188,191
15520001,2500,188,201
15520001,2500,191,201
15550001,2500,138,192
15570001,2500,252,253
15610001,2500,202,214
15700001,2500,138,173
15710083,2500,138,199
7830087,2530,144,170
70007,2550,108,113
70007,2550,101,108
70007,2550,101,113
180001,2550,108,132
270001,2550,127,201
340001,2550,117,118
480001,2550,237,253
20002,2560,202,207
70003,2560,201,206
180005,2600,147,167
180005,2600,147,254
180005,2600,167,254
7370001,2600,105,121
7460001,2600,109,147
7570002,2600,121,125
7700001,2600,346,347
7730001,2600,168,348
7770001,2600,115,328
7950002,2600,177,568
8080004,2600,372,384
8120012,2600,109,608
8270012,2600,177,635
8360012,2600,177,575
8360012,2600,177,608
8360012,2600,575,608
8760001,2600,168,423
8780076,2600,109,247
8780094,2600,121,257
8780103,2600,125,360
8780127,2600,177,372
8780127,2600,139,372
8780127,2600,139,177
8780147,2600,115,355
8780147,2600,115,255
8780147,2600,115,147
8780147,2600,255,355
8780147,2600,147,355
8780147,2600,147,255
8780253,2600,246,529
8780271,2600,572,575
8780329,2600,115,526
330003,2610,101,110
7600004,2610,113,144
7770002,2610,121,144
7820001,2610,162,200
7820001,2610,162,252
7820001,2610,162,254
7820001,2610,200,252
7820001,2610,200,254
7820001,2610,252,254
7840001,2610,203,240
7880004,2610,113,145
8060001,2610,205,230
8070004,2610,412,413
8270001,2610,419,422
8310018,2610,114,153
8310018,2610,114,154
8310018,2610,153,154
8310018,2610,114,115
8310018,2610,115,153
8310018,2610,115,154
8310031,2610,124,144
8310100,2610,245,246
8310134,2610,410,455
8310134,2610,454,455
8310134,2610,410,454
8310181,2610,153,245
8310181,2610,153,247
8310181,2610,245,247
8310197,2610,436,443
8310197,2610,435,436
8310197,2610,435,443
8310199,2610,101,160
140005,2620,210,219
140005,2620,219,241
140005,2620,210,241
150002,2620,116,117
370002,2620,120,128
620002,2620,127,135
770002,2620,120,249
7460003,2620,138,210
7460003,2620,127,210
7460003,2620,127,138
7610004,2620,210,220
7650003,2620,151,168
7650003,2620,148,168
7650003,2620,148,151
7750003,2620,199,248
7760002,2620,127,247
10780001,2620,173,283
10840001,2620,236,241
10850001,2620,210,301
68150001,2620,133,210
68150001,2620,210,290
68150001,2620,133,290
68150106,2620,210,295
68150113,2620,168,327
68150115,2620,244,312
68150118,2620,225,228
68150120,2620,238,243
60002,2630,113,285
120003,2630,122,167
500002,2630,112,116
7400002,2630,112,113
7440003,2630,113,118
7580001,2630,112,125
7700001,2630,112,178
7760002,2630,112,285
7760002,2630,174,285
7760002,2630,112,174
7780001,2630,160,205
7780001,2630,160,213
7780001,2630,205,213
7780001,2630,174,205
7780001,2630,160,174
7780001,2630,174,213
8090008,2630,122,441
8140005,2630,403,405
8370001,2630,168,401
8370001,2630,168,492
8370001,2630,401,492
8590095,2630,276,285
8590100,2630,285,433
8590155,2630,411,494
8590159,2630,414,494
8590159,2630,414,496
8590159,2630,494,496
8590164,2630,424,494
8590216,2630,411,424
8590217,2630,180,414
8590227,2630,411,413
7580001,2640,142,150
7840002,2640,121,170
8010001,2640,547,551
8170007,2640,416,417
8200009,2640,417,547
130002,2650,118,264
570005,2650,211,216
7200004,2650,209,215
7200004,2650,209,224
7200004,2650,215,224
7210004,2650,209,222
7260003,2650,163,221
7260003,2650,221,327
7260003,2650,163,327
7480002,2650,134,137
9300003,2650,182,238
22110001,2650,163,238
22110001,2650,163,437
22110001,2650,209,238
22110001,2650,238,437
22110001,2650,209,437
22110001,2650,163,209
22130002,2650,101,102
22130002,2650,101,131
22130002,2650,102,131
10001,2660,158,209
420002,2660,172,180
420002,2660,172,185
420002,2660,180,185
7600002,2660,211,219
7600002,2660,211,229
7600002,2660,219,229
7700003,2660,121,179
7700003,2660,102,179
7700003,2660,102,121
7980002,2660,243,245
7980002,2660,245,250
7980002,2660,243,250
8010002,2660,184,200
8050021,2660,200,219
8050021,2660,180,219
8050021,2660,180,200
8050031,2660,142,164
7,2720,110,112
60004,2800,201,203
280002,2800,111,115
280002,2800,111,202
280002,2800,115,202
420001,2800,309,320
7430002,2800,115,410
7450004,2800,227,312
7450004,2800,227,410
7450004,2800,312,410
7960004,2800,114,227
20175,3000,101,307
20321,3000,1265,1285
20321,3000,1285,1286
20321,3000,1265,1286
30111,3000,4282,4306
30111,3000,4283,4306
30111,3000,4282,4283
30123,3000,125,130
40143,3000,348,350
40145,3000,426,429
50423,3000,1365,1405
60322,3000,1258,1270
70162,3000,652,707
90123,3000,103,125
100113,3000,106,4279
100123,3000,103,124
100146,3000,429,448
100146,3000,448,453
100146,3000,429,453
100231,3000,1004,1022
100533,3000,1757,1785
110231,3000,1004,1020
110235,3000,1056,1082
110235,3000,1082,1095
110235,3000,1056,1095
110521,3000,1511,1514
120415,3000,1320,1327
120415,3000,1320,1631
120415,3000,1327,1631
120522,3000,1526,1528
120522,3000,1528,1534
120522,3000,1526,1534
130511,3000,1607,1610
140131,3000,348,4110
140131,3000,348,4425
140131,3000,4110,4425
140513,3000,1631,1635
150235,3000,1056,1091
150522,3000,1521,1530
150522,3000,1528,1530
150522,3000,1521,1528
180172,3000,305,321
200123,3000,101,121
250416,3000,1373,1374
250416,3000,1373,1389
250416,3000,1374,1389
260214,3000,908,937
260534,3000,1737,1740
260534,3000,1737,1747
260534,3000,1740,1747
310231,3000,1013,1021
380533,3000,1753,1773
420514,3000,1636,1651
460231,3000,1024,1092
500533,3000,1753,1823
510533,3000,1714,1757
510533,3000,1757,5405
510533,3000,1714,5405
530533,3000,1753,1757
550533,3000,1753,1780
7232440,3000,4129,4392
7232440,3000,4129,4393
7232440,3000,4392,4393
7232440,3000,4129,4352
7232440,3000,4352,4392
7232440,3000,4352,4393
7270721,3000,4281,4359
7270721,3000,4359,5583
7270721,3000,4281,5584
7270721,3000,4359,5584
7270721,3000,5583,5584
7270721,3000,4281,5583
8310713,3000,3001,4106
8310713,3000,3001,4128
8310713,3000,4106,4128
8310713,3000,4106,4762
8310713,3000,3001,4762
8310713,3000,4128,4762
8470165,3000,613,628
8640112,3000,4113,4276
8640112,3000,4276,4393
8640112,3000,4113,4393
8790723,3000,4129,4271
8840723,3000,4169,4281
8880741,3000,235,4317
8890111,3000,4276,4283
8910112,3000,248,4278
8910112,3000,4276,4278
8910112,3000,248,4276
8940111,3000,4277,4306
9080121,3000,116,248
9080121,3000,116,301
9080121,3000,248,301
9110121,3000,101,116
9110121,3000,116,237
9110121,3000,101,237
9190123,3000,232,233
9190123,3000,232,301
9190123,3000,233,301
9240176,3000,301,303
9240176,3000,301,314
9240176,3000,303,314
9240176,3000,301,937
9240176,3000,314,937
9240176,3000,303,937
9450174,3000,305,306
9460174,3000,305,308
9500175,3000,101,303
9520123,3000,101,126
9770124,3000,116,239
9920125,3000,143,153
9920125,3000,143,247
9920125,3000,153,247
10080175,3000,101,162
10080175,3000,101,305
10080175,3000,162,305
10080175,3000,101,349
10080175,3000,101,350
10080175,3000,162,349
10080175,3000,305,349
10080175,3000,162,350
10080175,3000,305,350
10080175,3000,349,350
10470142,3000,348,421
10900146,3000,427,429
10910146,3000,429,801
11000145,3000,429,432
11000145,3000,429,447
11000145,3000,432,447
11010145,3000,427,447
11130132,3000,409,513
11230642,3000,525,4110
11230642,3000,4110,4275
11230642,3000,525,4275
11820152,3000,809,810
11820152,3000,810,813
11820152,3000,809,813
11850152,3000,714,809
11900153,3000,733,1101
11900153,3000,733,998
11900153,3000,809,1101
11900153,3000,998,1101
11900153,3000,809,998
11900153,3000,733,809
11960161,3000,723,801
11960161,3000,723,805
11960161,3000,801,805
12030147,3000,703,714
12040147,3000,451,706
12040147,3000,706,714
12040147,3000,451,714
12060151,3000,808,813
12070151,3000,808,814
12130152,3000,998,1405
12130152,3000,998,1422
12130152,3000,1405,1422
12200151,3000,826,1630
12290151,3000,1503,1514
12320514,3000,1636,1753
12360514,3000,1659,1753
12450414,3000,1321,1636
12450414,3000,1321,1787
12450414,3000,1323,1636
12450414,3000,1323,1787
12450414,3000,1636,1787
12450414,3000,1321,1323
12460415,3000,1323,1631
12640532,3000,1714,1760
12650532,3000,1714,1726
12660532,3000,1727,1731
12670532,3000,1731,1737
12670532,3000,1731,5405
12670532,3000,1737,5405
12730533,3000,1714,1736
12730533,3000,1736,1786
12730533,3000,1714,1786
13000000,3000,1737,1828
13000000,3000,1828,1875
13000000,3000,1737,1875
13710421,3000,1402,1422
13860413,3000,1309,1337
13930415,3000,1320,1321
13930415,3000,1320,1366
13930415,3000,1321,1366
14010415,3000,1601,1619
14120422,3000,1389,1630
14120422,3000,1416,1630
14120422,3000,1389,1416
14230422,3000,1127,1407
14230422,3000,1127,1422
14230422,3000,1407,1422
14280421,3000,1121,1402
14280421,3000,1132,1402
14280421,3000,1121,1132
14920321,3000,1266,1270
15080311,3000,1231,1247
15110313,3000,1226,1231
15200315,3000,1021,1214
15200315,3000,1021,2012
15200315,3000,1207,1214
15200315,3000,1207,2012
15200315,3000,1214,2012
15200315,3000,1021,1207
15790232,3000,1021,1051
15860231,3000,1017,1021
15860231,3000,1017,1040
15860231,3000,1017,1036
15860231,3000,1036,1040
15860231,3000,1021,1040
15860231,3000,1021,1036
15910231,3000,935,995
15910231,3000,935,1023
15910231,3000,995,1023
16170164,3000,643,733
16170164,3000,643,1106
16170164,3000,733,1106
16180164,3000,638,643
16240164,3000,613,632
16240164,3000,603,632
16240164,3000,603,613
16240164,3000,613,616
16240164,3000,603,616
16240164,3000,616,632
16310214,3000,937,944
16490171,3000,340,612
16490171,3000,340,959
16490171,3000,612,959
16740213,3000,941,991
16740213,3000,941,1077
16740213,3000,899,941
16740213,3000,899,991
16740213,3000,991,1077
16740213,3000,899,1077
16980165,3000,613,674
17190162,3000,643,714
17410141,3000,1522,1533
17490221,3000,1021,1024
18610531,3000,1714,1833
18610531,3000,1833,4512
18610531,3000,1714,4512
18650412,3000,1307,1308
18650412,3000,1308,1422
18650412,3000,1307,1422
23610533,3000,1714,1790
23610533,3000,1790,1800
23610533,3000,1714,1800
23730713,3000,4128,4648
23750724,3000,4431,4452
23750724,3000,4431,4454
23750724,3000,4452,4454
23760725,3000,4452,4459
23760725,3000,4439,4459
23760725,3000,4439,4452
23770724,3000,4430,4452
23770724,3000,4430,4464
23770724,3000,4452,4464
23780714,3000,4135,4628
23780714,3000,4106,4628
23780714,3000,4106,4135
23790841,3000,4178,4179
23790841,3000,4178,4180
23790841,3000,4179,4180
23790841,3000,4178,4182
23790841,3000,4179,4182
23790841,3000,4180,4182
23880254,3000,1307,1368
23880254,3000,1252,1307
23880254,3000,1252,1368
23890842,3000,4539,4550
23890842,3000,4451,4550
23890842,3000,1435,4550
23890842,3000,4451,4539
23890842,3000,1435,4539
23890842,3000,1435,4451
23920844,3000,4543,4565
23920844,3000,4543,4599
23920844,3000,4565,4599
23920844,3000,4539,4565
23920844,3000,4539,4599
23920844,3000,4539,4543
24010413,3000,1308,1347
24140824,3000,1714,4550
24210832,3000,4329,4336
24520714,3000,4765,4818
24520714,3000,4752,4818
24520714,3000,4752,4765
24530725,3000,4452,4773
24540111,3000,4101,4773
24540111,3000,4101,7001
24540111,3000,4773,7001
24640211,3000,4452,5502
24650213,3000,895,1155
24650213,3000,1155,1160
24650213,3000,895,1160
24650735,3000,4753,4797
24760132,3000,514,612
24760132,3000,612,1833
24760132,3000,514,1833
24770735,3000,4753,4756
24770842,3000,1435,4182
24840714,3000,4754,4758
24900716,3000,4753,4801
24900716,3000,4639,4753
24900716,3000,4639,4801
24970714,3000,4628,4630
24970714,3000,4627,4630
24970714,3000,4627,4628
25040412,3000,1307,1451
25230713,3000,4106,4629
25230713,3000,4106,4642
25230713,3000,4629,4642
25300213,3000,1155,1162
25300213,3000,995,1155
25300213,3000,995,1162
25310713,3000,3001,4860
25310713,3000,3007,4860
25310713,3000,3001,3007
25320223,3000,894,995
25320223,3000,929,995
25320223,3000,894,929
25370532,3000,1714,1731
25430121,3000,203,2052
25430121,3000,203,4452
25430121,3000,2052,4452
25430121,3000,116,4452
25430121,3000,116,203
25430121,3000,116,2052
25480543,3000,1753,1847
25510111,3000,4753,7001
25560221,3000,1101,1108
25560221,3000,1101,1128
25560221,3000,1108,1128
25590543,3000,1787,1847
25590543,3000,1847,1860
25590543,3000,1787,1860
25610543,3000,1714,1847
25620736,3000,4753,4809
25790124,3000,4110,4397
25810842,3000,1451,1452
25810842,3000,1452,1453
25810842,3000,1451,1453
25860533,3000,1787,1795
25980732,3000,4324,4651
26040735,3000,4805,4808
26040735,3000,4805,4809
26040735,3000,4808,4809
26200842,3000,1351,1458
26270532,3000,1722,1851
26310164,3000,616,733
26310164,3000,733,970
26310164,3000,616,970
26380214,3000,4170,4397
26380214,3000,4162,4397
26380214,3000,4162,4170
26390714,3000,4752,4758
26450411,3000,1362,1435
26480415,3000,1314,1864
26480415,3000,1309,1864
26480415,3000,1309,1314
26490545,3000,1839,1864
26510545,3000,1714,1839
26510545,3000,1714,1744
26510545,3000,1744,1839
26560251,3000,1105,1121
26620214,3000,1105,1106
26630735,3000,4106,4786
26630735,3000,4106,5128
26630735,3000,4786,5128
26630735,3000,4786,5127
26630735,3000,4106,5127
26630735,3000,5127,5128
26640236,3000,1105,1307
26670725,3000,4773,4950
26690661,3000,4754,4757
26820842,3000,1352,1452
26960723,3000,4452,4465
26960723,3000,4452,4484
26960723,3000,4465,4484
27730214,3000,1106,1182
27730214,3000,1106,1172
27730214,3000,1172,1182
27740214,3000,1021,1106
27930213,3000,1155,1159
27930213,3000,1155,1160
27930213,3000,1159,1160
27970735,3000,4786,4787
28040411,3000,1346,1362
28040411,3000,1362,1451
28040411,3000,1346,1451
28040411,3000,1105,1346
28040411,3000,1105,1362
28040411,3000,1105,1451
28070324,3000,1215,1277
28170221,3000,1015,1128
28440715,3000,4135,4762
28440715,3000,4752,4762
28440715,3000,4135,4752
28470111,3000,4633,7001
28480713,3000,5128,5586
28590231,3000,893,1161
28680721,3000,4762,4786
28780844,3000,4544,4555
29160001,3000,4342,4343
29160001,3000,3005,4342
29160001,3000,3005,4343
29290001,3000,1864,4285
29750001,3000,1435,4580
36420732,3000,249,4313
92870596,3000,232,400
92870598,3000,235,237
92870598,3000,235,260
92870598,3000,237,260
92870617,3000,305,340
92870617,3000,305,907
92870617,3000,305,921
92870617,3000,340,907
92870617,3000,340,921
92870617,3000,907,921
92870656,3000,398,4452
92870656,3000,4452,5503
92870656,3000,398,5503
92870663,3000,426,431
92870667,3000,429,463
92870668,3000,429,809
92870668,3000,429,1508
92870668,3000,429,1522
92870668,3000,809,1508
92870668,3000,809,1522
92870668,3000,1508,1522
92870668,3000,807,1522
92870668,3000,429,807
92870668,3000,807,809
92870668,3000,807,1508
92870689,3000,513,525
92870689,3000,501,525
92870689,3000,501,513
92870689,3000,501,612
92870689,3000,525,612
92870689,3000,513,612
92870737,3000,808,819
92870737,3000,808,1422
92870737,3000,819,1422
92870804,3000,970,1021
92870804,3000,1021,1077
92870804,3000,970,1077
92870804,3000,1021,1105
92870804,3000,970,1105
92870804,3000,1077,1105
92870821,3000,1004,1021
92870821,3000,1004,1106
92870821,3000,1021,1106
92870842,3000,1021,1128
92870888,3000,1093,1121
92870896,3000,1105,4452
92870924,3000,1205,1264
92870936,3000,1224,1231
92870952,3000,1266,1278
92871012,3000,1359,1368
92871012,3000,1359,1369
92871012,3000,1359,1383
92871012,3000,1368,1369
92871012,3000,1368,1383
92871012,3000,1369,1383
92871045,3000,1435,4285
92871046,3000,1435,4537
92871081,3000,1528,1753
92871081,3000,1528,1868
92871081,3000,1753,1868
92871120,3000,1714,1753
92871139,3000,1753,1760
92871255,3000,4101,4639
92871255,3000,4101,5577
92871255,3000,4639,5577
92871255,3000,4101,4666
92871255,3000,4639,4666
92871255,3000,4666,5577
92871273,3000,4110,4113
92871273,3000,4110,4307
92871273,3000,4113,4307
92871276,3000,4113,4283
92871276,3000,4113,4762
92871276,3000,4283,4762
92871276,3000,4101,4283
92871276,3000,4101,4762
92871276,3000,4101,4113
92871276,3000,4283,4316
92871276,3000,4113,4316
92871276,3000,4101,4316
92871276,3000,4316,4762
92871279,3000,4113,4601
92871279,3000,4113,4287
92871279,3000,4287,4601
92871384,3000,4285,4381
92871389,3000,4324,4360
92871389,3000,4324,4340
92871389,3000,4340,4360
92871405,3000,4358,4416
92871405,3000,4358,4550
92871405,3000,4416,4550
92871446,3000,4431,4437
92871446,3000,4431,4450
92871446,3000,4437,4450
92871453,3000,4445,4461
92871461,3000,4452,5011
92871461,3000,4482,5011
92871461,3000,4452,4482
92871515,3000,4543,4561
92871515,3000,4543,5452
92871515,3000,4561,5452
92871538,3000,4596,5476
92871538,3000,4461,4596
92871538,3000,4461,5476
92871584,3000,4650,4653
92871636,3000,4791,4792
92871643,3000,4798,4841
92871679,3000,4954,4973
92871992,3000,1886,1887
92872103,3000,1714,1886
92872165,3000,1500,1636
92872233,3000,1886,1896
92872248,3000,4113,4286
92872248,3000,239,4286
92872248,3000,239,4113
92872303,3000,1877,1878
92872333,3000,1453,1455
92872375,3000,4534,4679
92872388,3000,525,4061
92872432,3000,4569,4599
92872464,3000,4762,4837
92872477,3000,1105,4773
92872479,3000,4634,4639
92872480,3000,1889,1890
92872487,3000,241,5533
92872493,3000,4162,4674
92872493,3000,4162,4351
92872493,3000,4351,4674
92872495,3000,4668,5127
92872497,3000,4632,4672
92872502,3000,1401,4476
92872507,3000,1368,1384
20001,3570,302,303
210001,3570,102,104
240001,3570,120,143
240001,3570,120,150
240001,3570,143,150
260001,3570,120,134
340001,3570,101,102
28820003,3570,102,134
28820003,3570,102,150
28820003,3570,134,150
28820068,3570,143,144
16,3574,110,140
3,3608,103,105
10001,3616,130,141
10001,3616,130,161
10001,3616,130,150
10001,3616,141,161
10001,3616,150,161
10001,3616,141,150
20001,3616,132,141
80001,3616,141,150
90001,3616,160,161
90001,3616,160,176
90001,3616,161,176
130028,3616,117,118
130065,3616,175,179
130085,3616,209,210
130091,3616,217,219
130099,3616,141,237
130104,3616,141,225
130117,3616,209,208
130119,3616,200,141
130121,3616,245,230
7,3650,106,113
8,3660,101,104
30031,3760,112,126
2,3763,106,105
1,3778,101,102
1,3778,102,105
1,3778,101,105
4,3778,112,102
10001,3780,109,154
10001,3780,111,154
10001,3780,109,111
10002,3780,101,102
10002,3780,101,105
10002,3780,101,124
10002,3780,102,105
10002,3780,102,124
10002,3780,105,124
10006,3780,102,115
10032,3780,205,213
10034,3780,213,223
22,3797,106,204
20323,4000,566,592
20323,4000,566,690
20323,4000,592,690
30111,4000,110,239
30615,4000,1077,1099
40321,4000,551,552
40422,4000,625,644
50528,4000,886,935
60528,4000,308,856
70121,4000,160,215
90224,4000,354,370
90224,4000,370,444
90224,4000,354,444
90621,4000,1040,1041
100211,4000,306,308
110412,4000,604,771
110412,4000,601,771
110412,4000,601,604
120525,4000,845,859
120616,4000,1025,1026
160131,4000,199,210
170121,4000,163,236
170131,4000,205,210
170131,4000,210,6501
170131,4000,205,6501
170316,4000,538,542
180131,4000,203,210
180233,4000,399,512
190122,4000,177,215
200132,4000,211,250
200132,4000,211,442
200132,4000,250,442
210131,4000,195,210
210131,4000,210,275
210131,4000,195,275
210132,4000,1015,1099
210433,4000,726,738
230112,4000,127,232
230515,4000,915,916
250224,4000,348,370
250224,4000,370,1085
250224,4000,348,1085
260526,4000,875,880
270424,4000,651,714
280121,4000,163,170
280526,4000,856,880
290211,4000,191,301
290211,4000,191,309
290211,4000,191,1169
290211,4000,301,309
290211,4000,301,1169
290211,4000,309,1169
290211,4000,306,309
290211,4000,191,306
290211,4000,301,306
290211,4000,306,1169
300112,4000,110,129
300112,4000,110,265
300112,4000,129,242
300112,4000,129,265
300112,4000,242,265
300112,4000,110,242
310132,4000,198,279
310132,4000,273,279
310132,4000,198,273
330122,4000,180,235
340131,4000,195,199
470122,4000,169,200
480316,4000,526,541
490316,4000,540,541
7650222,4000,348,354
7650222,4000,348,425
7650222,4000,354,425
7720223,4000,348,378
7760223,4000,355,389
7760223,4000,355,512
7760223,4000,389,512
7780224,4000,360,512
7780224,4000,337,512
7780224,4000,337,360
7850213,4000,337,338
8040132,4000,309,322
8050132,4000,309,323
8120132,4000,1012,6003
8120132,4000,345,6003
8120132,4000,345,1012
8120132,4000,303,6003
8120132,4000,303,1012
8120132,4000,303,345
8310212,4000,880,883
8400525,4000,864,865
8400525,4000,865,873
8400525,4000,864,873
8420525,4000,859,864
8430525,4000,825,856
8430525,4000,825,864
8430525,4000,856,864
8690515,4000,918,922
8820421,4000,628,780
8820421,4000,628,954
8820421,4000,628,643
8820421,4000,634,643
8820421,4000,634,954
8820421,4000,634,780
8820421,4000,780,954
8820421,4000,643,954
8820421,4000,643,780
8820421,4000,628,634
8990422,4000,635,708
9000422,4000,635,658
9000422,4000,635,690
9000422,4000,658,690
9030425,4000,635,718
9210322,4000,554,1161
9490431,4000,718,811
9490431,4000,726,811
9490431,4000,718,726
9510433,4000,811,812
9520433,4000,811,900
9640514,4000,821,823
9640514,4000,821,825
9640514,4000,823,825
9790431,4000,635,813
9900613,4000,1006,1012
10170513,4000,825,834
10170513,4000,825,901
10170513,4000,834,901
10180522,4000,825,902
10280523,4000,841,844
10280523,4000,844,845
10280523,4000,841,850
10280523,4000,845,850
10280523,4000,844,850
10280523,4000,841,845
10490233,4000,409,413
10500233,4000,362,413
10530233,4000,413,446
10530233,4000,413,801
10530233,4000,446,801
10630313,4000,446,505
10630313,4000,505,512
10630313,4000,446,512
10660233,4000,414,421
10730223,4000,354,362
10800223,4000,357,512
10800223,4000,357,811
10800223,4000,512,811
10820231,4000,386,811
11140322,4000,554,731
11410132,4000,191,303
11670122,4000,195,215
12240121,4000,185,195
12360112,4000,199,242
12470111,4000,111,116
12600112,4000,129,140
14110411,4000,629,700
14460616,4000,1022,1074
14620222,4000,354,505
14620222,4000,505,1161
14620222,4000,537,1161
14620222,4000,354,1161
14620222,4000,505,537
14620222,4000,354,537
14710412,4000,602,773
14710412,4000,602,1068
14710412,4000,773,1068
14730412,4000,602,768
14850411,4000,601,613
14850411,4000,613,621
14850411,4000,601,621
14860411,4000,601,614
15030132,4000,191,195
16460323,4000,592,1161
16460323,4000,1142,1161
16460323,4000,592,1142
16470312,4000,509,518
16690423,4000,569,988
16870323,4000,559,592
16870323,4000,592,986
16870323,4000,559,986
17070621,4000,1041,1394
17220515,4000,918,919
17340323,4000,592,988
17940431,4000,564,974
17940431,4000,974,1161
17940431,4000,564,1161
18150001,4000,621,662
18150001,4000,662,798
18150001,4000,621,798
18200001,4000,195,224
18210001,4000,367,377
18210001,4000,367,438
18210001,4000,377,438
18380035,4000,129,228
18380037,4000,129,257
18380039,4000,129,264
18380073,4000,159,169
18380073,4000,159,173
18380073,4000,169,173
18380118,4000,210,476
18380182,4000,314,444
18380186,4000,323,473
18380228,4000,377,475
18380246,4000,403,963
18380256,4000,436,537
18380271,4000,464,1161
18380271,4000,464,1192
18380271,4000,1161,1192
18380309,4000,551,1161
18380365,4000,657,1128
18380365,4000,634,657
18380365,4000,991,1128
18380365,4000,634,991
18380365,4000,657,991
18380365,4000,634,1128
18380366,4000,635,643
18380366,4000,643,758
18380366,4000,635,758
18380370,4000,643,917
18380560,4000,1032,1045
18380560,4000,1032,1048
18380560,4000,1045,1048
18380642,4000,1502,1507
18380661,4000,635,726
18380665,4000,1219,795
18380712,4000,576,974
18380717,4000,264,1508
18380735,4000,367,442
18380745,4000,576,1231
18380815,4000,129,215
10335,5000,461,615
10434,5000,1008,1009
10434,5000,1008,1010
10434,5000,1009,1010
10514,5000,1128,1132
10521,5000,1143,1201
10613,5000,1034,1544
10623,5000,1522,1554
10926,5000,2643,2644
20227,5000,360,365
20414,5000,804,819
20557,5000,1103,2215
20623,5000,1515,1522
20715,5000,1637,1638
20814,5000,1235,2233
20943,5000,2960,2961
30322,5000,502,503
30338,5000,629,631
30521,5000,1201,1202
30522,5000,1143,1208
30554,5000,1103,1264
30814,5000,2202,2233
30816,5000,2236,2239
30816,5000,2236,2240
30816,5000,2239,2240
30827,5000,2375,2376
40422,5000,942,945
40554,5000,1103,1265
40815,5000,2227,2328
40928,5000,2649,2656
50517,5000,1103,1107
50521,5000,461,1203
50546,5000,1235,1241
50557,5000,1309,2215
50623,5000,1523,1546
50816,5000,2241,2242
50822,5000,2360,2383
60226,5000,373,379
60333,5000,605,607
60434,5000,1009,1013
60515,5000,1122,1249
60522,5000,461,1209
70343,5000,404,6004
70343,5000,404,627
70343,5000,627,6004
70511,5000,1128,1143
70741,5000,1972,2149
70815,5000,2227,2326
80415,5000,809,810
80431,5000,1021,1026
80732,5000,1971,1983
80744,5000,2173,3011
80744,5000,3011,4748
80744,5000,2173,4748
90312,5000,412,413
90312,5000,413,510
90312,5000,412,510
90434,5000,1009,1014
90816,5000,2238,2239
90912,5000,913,2524
100612,5000,1541,1559
100741,5000,2160,2162
100933,5000,2740,2744
110121,5000,281,283
110121,5000,281,284
110121,5000,283,284
110522,5000,1143,1211
110557,5000,1101,1271
110812,5000,2201,2328
120347,5000,723,727
120413,5000,814,821
120522,5000,1143,1212
130511,5000,1138,1146
130744,5000,2173,3007
130833,5000,2426,2445
140622,5000,1549,1550
140816,5000,2235,2253
160734,5000,1935,1940
160911,5000,2523,2524
170611,5000,1266,1501
170622,5000,1546,1551
170812,5000,2201,2327
190624,5000,1269,1519
190624,5000,1269,1526
190624,5000,1269,2239
190624,5000,1519,1526
190624,5000,1519,2239
190624,5000,1526,2239
190731,5000,1982,1989
200125,5000,101,108
200125,5000,108,112
200125,5000,101,112
200423,5000,901,906
200832,5000,2391,2397
220712,5000,1601,1626
230624,5000,1526,1532
230624,5000,1532,1554
230624,5000,1526,1554
230928,5000,2652,2664
250723,5000,1733,1735
280741,5000,2147,2148
310723,5000,1713,1766
340533,5000,1101,1304
340533,5000,1101,1331
340533,5000,1304,1331
340744,5000,2155,2157
350711,5000,1649,1671
360712,5000,1612,1622
380744,5000,2155,2466
420712,5000,1601,1611
420712,5000,1601,2378
420712,5000,1611,2378
450936,5000,2820,2821
500911,5000,2505,2524
540225,5000,361,4026
550725,5000,1823,1830
570523,5000,1216,1218
570725,5000,1830,1838
580215,5000,200,266
7070311,5000,401,461
7110312,5000,401,510
7110312,5000,404,510
7110312,5000,401,404
7150312,5000,404,416
7150312,5000,416,418
7150312,5000,404,418
7210312,5000,425,461
7220312,5000,411,461
7330313,5000,403,431
7330313,5000,403,435
7330313,5000,431,435
7480318,5000,456,510
7500318,5000,456,461
7500318,5000,456,4070
7500318,5000,461,4070
7520321,5000,404,504
7540321,5000,404,934
7560321,5000,510,934
7650326,5000,510,537
7730333,5000,608,711
7750333,5000,404,711
7770333,5000,404,708
7850342,5000,704,711
7900334,5000,404,714
7920334,5000,608,714
8000336,5000,510,618
8030337,5000,618,624
8330324,5000,537,1026
8330324,5000,537,1040
8330324,5000,1026,1040
8410344,5000,710,729
8410344,5000,729,738
8410344,5000,710,738
8470347,5000,1040,1041
8520346,5000,729,1037
8520346,5000,1037,1040
8520346,5000,729,1040
8580344,5000,404,738
8590344,5000,618,738
8590344,5000,618,751
8590344,5000,738,751
8600344,5000,618,737
8610344,5000,618,735
8680345,5000,753,1103
8680345,5000,751,1103
8680345,5000,751,753
8680345,5000,1103,6005
8680345,5000,753,6005
8680345,5000,751,6005
8710345,5000,753,1040
8710345,5000,753,1538
8710345,5000,753,1511
8710345,5000,1040,1101
8710345,5000,1040,1538
8710345,5000,1101,1511
8710345,5000,1040,1511
8710345,5000,1101,1538
8710345,5000,1511,1538
8710345,5000,753,1101
8720345,5000,760,1040
8730345,5000,755,1040
8740345,5000,404,1040
8740345,5000,404,1540
8740345,5000,1040,1540
8880345,5000,404,748
8880345,5000,404,749
8880345,5000,748,749
8890345,5000,404,747
8920433,5000,1037,1042
8930433,5000,829,1037
8960432,5000,829,1035
8990432,5000,1034,1035
9000431,5000,1017,1035
9070431,5000,1008,1026
9080425,5000,928,934
9080425,5000,934,1026
9080425,5000,928,1026
9100426,5000,924,934
9110323,5000,934,1040
9140324,5000,527,1040
9160324,5000,523,534
9160324,5000,523,710
9160324,5000,534,710
9180324,5000,524,934
9280315,5000,429,450
9340315,5000,450,1040
9350316,5000,436,456
9370316,5000,426,456
9580314,5000,425,1040
9600314,5000,425,426
9620314,5000,425,441
9850413,5000,829,914
9920422,5000,456,916
9940422,5000,829,916
9980413,5000,914,1005
9980413,5000,914,1011
9980413,5000,1005,1011
10010423,5000,456,1011
10010423,5000,1011,1027
10010423,5000,456,1027
10100424,5000,829,934
10140432,5000,829,1008
10160424,5000,934,1009
10180424,5000,934,1006
10180424,5000,934,1011
10180424,5000,1006,1011
10220434,5000,1009,1011
10220434,5000,1009,1037
10220434,5000,1011,1037
10370511,5000,1135,1143
10380511,5000,461,1135
10440511,5000,510,1128
10540513,5000,1131,1140
10580513,5000,738,1116
10600514,5000,738,1122
10650513,5000,738,1120
10660513,5000,738,1114
10800517,5000,1101,1107
10820517,5000,1101,1510
10830517,5000,1101,1110
10830517,5000,1110,1506
10830517,5000,1101,1506
10970515,5000,1104,1107
10980515,5000,1104,1122
11050521,5000,461,1204
11170522,5000,1202,1380
11420534,5000,1238,1242
11440534,5000,1242,1244
11450534,5000,1242,1245
11450534,5000,1245,1259
11450534,5000,1242,1259
11470541,5000,1235,1239
11470541,5000,1235,1245
11470541,5000,1239,1245
11520542,5000,1135,1264
11530542,5000,1135,1236
11560543,5000,1247,1253
11560543,5000,1253,1264
11560543,5000,1247,1264
11570543,5000,1247,1265
11610544,5000,1249,1265
11620544,5000,1249,1255
11620544,5000,1249,1266
11620544,5000,1255,1266
11630544,5000,1250,1266
11670545,5000,1135,1255
11700546,5000,1235,1255
11740553,5000,1104,1264
11750553,5000,1104,1265
11780613,5000,1034,1538
11780613,5000,1538,1540
11780613,5000,1034,1540
11840612,5000,1540,1555
11840612,5000,1540,1571
11840612,5000,1555,1571
11890612,5000,1554,1555
11890612,5000,1107,1555
11890612,5000,1107,1554
11910623,5000,1524,1555
11950611,5000,1107,1511
12000421,5000,919,928
12270912,5000,2525,2604
12280911,5000,1571,2524
12280911,5000,2524,2604
12280911,5000,1571,2604
12470623,5000,1531,1562
12470623,5000,1531,2562
12470623,5000,1562,2562
12480623,5000,1515,2562
12500912,5000,2524,2562
12650913,5000,2526,2535
12690913,5000,2535,2562
12690913,5000,2562,2686
12690913,5000,2535,2686
12970556,5000,1101,1135
12970556,5000,1135,1277
12970556,5000,1101,1277
13020557,5000,1271,1301
13020557,5000,1301,2202
13020557,5000,1271,2202
13060557,5000,1301,2203
13070557,5000,1301,2206
13080557,5000,1270,1301
13090533,5000,1301,2215
13160555,5000,1269,1276
13170555,5000,1269,1274
13310815,5000,2324,2371
13320815,5000,2371,2378
13340815,5000,2227,2378
13370814,5000,2216,2263
13370814,5000,2263,2378
13370814,5000,2216,2378
13380814,5000,2216,2218
13390814,5000,2216,2231
13450812,5000,2216,2328
13460812,5000,2216,2228
13470811,5000,2215,2255
13530713,5000,2215,2378
13550813,5000,2215,2233
13620813,5000,2210,2378
13650713,5000,2226,2378
13660813,5000,2223,2378
13680712,5000,2213,2378
13760822,5000,2332,2378
13800822,5000,2343,2378
13940822,5000,2343,2363
14110826,5000,2263,2373
14150713,5000,2215,2309
14230712,5000,1628,2378
14240713,5000,1612,2378
14240713,5000,2309,2378
14240713,5000,1612,2309
14290714,5000,1611,2309
14290714,5000,1601,2309
14290714,5000,1601,1611
14310714,5000,1611,1637
14310714,5000,1637,1680
14310714,5000,1611,1680
14360714,5000,1611,2412
14390711,5000,1620,1638
14390711,5000,1620,1979
14390711,5000,1620,1987
14390711,5000,1620,2412
14390711,5000,1638,1979
14390711,5000,1638,1987
14390711,5000,1638,2412
14390711,5000,1979,1987
14390711,5000,1979,2412
14390711,5000,1987,2412
14460711,5000,1620,1649
14480712,5000,1674,2378
14510713,5000,1632,2269
14510713,5000,2269,2309
14510713,5000,1632,2309
14540714,5000,1639,2215
14600824,5000,2309,2360
14600824,5000,2360,2392
14600824,5000,2309,2392
14620713,5000,2263,2309
14730823,5000,2306,2426
14730823,5000,2309,2426
14730823,5000,2306,2309
14900823,5000,2309,2465
15000817,5000,2250,2318
15000817,5000,2250,2328
15000817,5000,2318,2328
15030817,5000,2307,2316
15030817,5000,2307,2658
15030817,5000,2316,2658
15120816,5000,2244,2253
15120816,5000,2253,4123
15120816,5000,2244,4123
15130624,5000,1554,2244
15130624,5000,1554,2245
15130624,5000,2244,2245
15130624,5000,1554,2648
15130624,5000,2244,2648
15130624,5000,2245,2648
15170817,5000,2465,2658
15170817,5000,2245,2658
15170817,5000,2245,2465
15260925,5000,2524,2649
15330928,5000,2656,2658
15330928,5000,2656,2710
15330928,5000,2658,2710
15340928,5000,2658,2798
15600733,5000,1620,2144
15600733,5000,1947,2144
15600733,5000,1620,1947
15710732,5000,1620,1971
15760734,5000,1620,2140
15760734,5000,1939,2140
15760734,5000,1620,1939
15770734,5000,1620,2139
15840734,5000,1935,1939
15870725,5000,1835,1994
15890725,5000,1830,1994
15930724,5000,1791,1934
15930724,5000,1791,1994
15930724,5000,1934,1994
15950733,5000,1983,1994
15960723,5000,1964,1994
15980732,5000,1964,1965
16010724,5000,1803,1994
16090723,5000,1740,1994
16090723,5000,1740,2027
16090723,5000,1994,2027
16160732,5000,1983,1986
16260721,5000,1993,1994
16810122,5000,116,265
16810122,5000,116,275
16810122,5000,265,275
17000211,5000,225,265
17000211,5000,225,295
17000211,5000,265,295
17030212,5000,209,225
17040211,5000,225,400
17070212,5000,295,3019
17070212,5000,347,3019
17070212,5000,295,347
17120213,5000,225,249
17140215,5000,180,215
17140215,5000,215,225
17140215,5000,180,272
17140215,5000,225,272
17140215,5000,215,272
17140215,5000,180,225
17390223,5000,323,367
17420225,5000,367,4141
17500227,5000,360,361
17600551,5000,1104,1135
17620554,5000,1101,1267
17630554,5000,1101,1502
17650554,5000,1101,1265
17730555,5000,1269,1555
17840925,5000,2646,2648
17850921,5000,2535,2648
18060924,5000,2753,2958
18060924,5000,2535,2958
18060924,5000,2535,2753
18120921,5000,2648,2691
18380937,5000,2968,4752
18380937,5000,2766,4752
18380937,5000,2766,2968
18630532,5000,1352,1439
18630532,5000,1352,1655
18630532,5000,1352,1620
18630532,5000,1439,1620
18630532,5000,1439,1655
18630532,5000,1620,1655
18720711,5000,1979,1993
18830533,5000,1301,2208
18850533,5000,1301,2210
18890811,5000,2215,2328
18930532,5000,1352,1616
18940532,5000,1352,1618
19000532,5000,1352,1608
19010533,5000,1301,1331
19180932,5000,2724,2731
19310931,5000,2788,2797
19310931,5000,2788,2798
19310931,5000,2797,2798
19520934,5000,2773,2821
19520934,5000,2773,2860
19520934,5000,2821,2860
20420735,5000,1620,2022
20420735,5000,1620,3004
20420735,5000,2022,3004
20480725,5000,1861,1895
20480725,5000,1895,1994
20480725,5000,1861,1994
20700111,5000,180,1011
20720111,5000,180,402
20720111,5000,180,1040
20720111,5000,402,1040
20780125,5000,116,1011
20810113,5000,126,1011
20820125,5000,101,116
20850124,5000,116,126
20880113,5000,126,197
20930112,5000,185,265
20930112,5000,185,1011
20930112,5000,265,1011
20970123,5000,174,178
20980123,5000,174,176
21220744,5000,2412,2465
21710815,5000,2228,2371
21720815,5000,2328,2371
21730815,5000,2327,2371
21800532,5000,1336,1355
21870531,5000,1224,1319
21870531,5000,1224,1342
21870531,5000,1224,1440
21870531,5000,1319,1342
21870531,5000,1319,1440
21870531,5000,1342,1440
22290933,5000,2731,2738
22320933,5000,2731,2775
22330933,5000,2731,2734
22330933,5000,2734,2776
22330933,5000,2731,2776
23860113,5000,1011,3101
23880745,5000,2173,3020
23910937,5000,2766,2973
24100531,5000,1143,1440
24100531,5000,1439,1440
24100531,5000,1143,1439
24170112,5000,185,197
24170112,5000,197,248
24170112,5000,185,248
24180225,5000,323,361
24190531,5000,1439,1442
24320934,5000,2766,2981
24330334,5000,1033,1043
24350531,5000,1439,1441
24510732,5000,1971,2021
24560122,5000,265,282
24970113,5000,3101,3130
25140735,5000,1620,1910
25180943,5000,2766,2956
25180943,5000,2766,2970
25180943,5000,2956,2970
25360735,5000,1910,2031
47810911,5000,2501,2506
53000001,5000,2503,2524
53040001,5000,2412,4748
53040001,5000,3280,4748
53040001,5000,2412,3280
60350943,5000,2601,2958
60370922,5000,2601,2960
60370922,5000,2601,2608
60370922,5000,2608,2960
60390922,5000,2605,2608
60400943,5000,2601,2766
80050125,5000,111,113
80130554,5000,1103,1267
80150311,5000,402,404
80150311,5000,402,4004
80150311,5000,404,4004
80150370,5000,225,267
80150370,5000,225,3107
80150370,5000,267,3107
80150397,5000,272,361
80150397,5000,272,3019
80150397,5000,361,3019
80150397,5000,249,361
80150397,5000,249,272
80150397,5000,249,3019
80150467,5000,413,425
80150470,5000,420,1040
80150483,5000,461,636
80150483,5000,636,4069
80150483,5000,461,4069
80150483,5000,636,934
80150483,5000,461,934
80150483,5000,934,4069
80150485,5000,461,1143
80150502,5000,714,716
80150502,5000,714,723
80150502,5000,716,723
80150502,5000,714,730
80150502,5000,716,730
80150502,5000,723,730
80150509,5000,751,1249
80150515,5000,814,1040
80150524,5000,913,1500
80150537,5000,1011,1555
80150537,5000,1037,1555
80150537,5000,1011,1037
80150544,5000,1103,1109
80150549,5000,1135,1203
80150585,5000,1275,1277
80150644,5000,1574,1576
80150667,5000,1620,1637
80150675,5000,1620,1697
80150675,5000,1620,2378
80150675,5000,1697,2378
80150677,5000,1620,1964
80150677,5000,1620,2150
80150677,5000,1964,2150
80150679,5000,1620,2025
80150773,5000,2105,2140
80150773,5000,2105,3006
80150773,5000,2105,3020
80150773,5000,2140,3006
80150773,5000,2140,3020
80150773,5000,3006,3020
80150778,5000,2149,2165
80150791,5000,2169,2465
80150819,5000,2306,2366
80150819,5000,2313,2366
80150819,5000,2306,2313
80150827,5000,2316,2318
80150852,5000,2408,2469
80150852,5000,2426,2469
80150852,5000,2408,2426
80150879,5000,2535,2604
80150879,5000,2501,2604
80150879,5000,2501,2535
80150907,5000,2648,4049
80150917,5000,2658,2731
80150931,5000,2720,2860
80150943,5000,2731,2778
80150944,5000,2731,2860
80150950,5000,2762,2852
80150980,5000,2822,2860
80151108,5000,4776,4777
80151108,5000,4776,4778
80151108,5000,4777,4778
80151147,5000,2025,3006
80151147,5000,2025,4698
80151147,5000,3006,4698
80151220,5000,1027,1047
80151293,5000,3120,4499
80151401,5000,2157,2169
80151468,5000,2538,2604
80151475,5000,1561,4043
80151642,5000,2028,2029
80151656,5000,1511,4041
80151659,5000,4534,4754
80151669,5000,227,234
80151678,5000,1132,4002
80151684,5000,197,3104
80151688,5000,1000,1047
80151690,5000,249,251
80151703,5000,2725,2726
80151707,5000,2841,2860
80151709,5000,1655,1673
80151712,5000,2143,2144
10031,6100,616,702
10031,6100,702,835
10031,6100,616,835
40021,6100,404,445
60041,6100,891,6003
90041,6100,836,891
120011,6100,103,104
120011,6100,103,301
120011,6100,104,301
120011,6100,115,301
120011,6100,103,115
120011,6100,104,115
130012,6100,231,233
130012,6100,231,240
130012,6100,233,240
130054,6100,949,951
130054,6100,951,954
130054,6100,949,954
180025,6100,619,626
240013,6100,207,210
470042,6100,807,808
520025,6100,614,622
520042,6100,809,812
7780011,6100,105,203
7830015,6100,313,503
7930014,6100,304,503
7930014,6100,304,518
7930014,6100,503,518
8040012,6100,201,309
8160013,6100,217,503
8180013,6100,503,835
8200013,6100,207,503
8240012,6100,201,233
8260012,6100,201,216
8280012,6100,201,226
8320031,6100,711,835
8670022,6100,414,502
9000022,6100,414,426
9360043,6100,829,830
9370043,6100,830,831
9370043,6100,830,937
9370043,6100,831,937
9460031,6100,840,891
9460031,6100,891,975
9460031,6100,840,975
9500031,6100,724,825
9500031,6100,724,891
9500031,6100,825,891
9770043,6100,830,833
9850042,6100,808,827
9850042,6100,808,870
9850042,6100,827,870
9890041,6100,824,826
9890041,6100,826,870
9890041,6100,824,870
9900042,6100,821,870
10140014,6100,304,309
10140014,6100,304,310
10140014,6100,309,310
10360016,6100,105,502
10360016,6100,105,503
10360016,6100,502,503
10510001,6100,815,891
67570016,6100,107,401
67630011,6100,114,301
67750065,6100,435,502
67750065,6100,435,509
67750065,6100,502,509
67750066,6100,501,502
67750068,6100,502,906
67750068,6100,518,906
67750068,6100,502,518
67750108,6100,838,891
67750122,6100,900,944
10023,6200,102,212
10032,6200,218,316
30033,6200,422,601
40021,6200,220,221
40023,6200,210,214
40031,6200,210,302
40033,6200,521,601
40051,6200,501,502
50023,6200,209,214
80031,6200,210,319
90023,6200,201,216
90032,6200,308,309
100023,6200,201,212
100033,6200,601,605
100051,6200,511,514
120031,6200,310,315
120032,6200,308,402
140031,6200,310,319
160031,6200,216,310
160031,6200,310,655
160031,6200,216,655
160044,6200,418,430
170022,6200,210,211
170031,6200,212,310
170042,6200,314,437
190041,6200,310,403
200032,6200,304,311
260032,6200,304,640
7490011,6200,201,220
7500013,6200,102,201
7550021,6200,210,220
7570022,6200,212,220
7590021,6200,208,209
7690023,6200,201,210
7750031,6200,210,221
7760031,6200,221,301
7770031,6200,221,310
7780032,6200,218,221
7790031,6200,221,309
7810031,6200,221,312
7840032,6200,310,314
8000033,6200,311,508
8000033,6200,311,620
8000033,6200,508,620
8010033,6200,508,607
8010033,6200,508,626
8010033,6200,607,626
8030033,6200,422,508
8040033,6200,310,508
8070061,6200,521,523
8180061,6200,518,534
8190051,6200,310,503
8190051,6200,503,518
8190051,6200,310,518
8240041,6200,401,406
8240041,6200,406,503
8240041,6200,401,503
8370051,6200,502,503
8380051,6200,503,506
8400051,6200,503,507
8410051,6200,503,511
8440013,6200,101,401
8470012,6200,101,132
8510012,6200,113,128
8600013,6200,124,220
8620013,6200,102,426
8640013,6200,102,401
8640013,6200,102,423
8640013,6200,401,423
8660013,6200,128,401
8720012,6200,104,117
8720012,6200,106,117
8720012,6200,104,106
8920031,6200,639,649
8940031,6200,221,443
8980031,6200,443,655
9000521,6200,311,612
9130522,6200,626,670
9150022,6200,202,217
9180033,6200,508,613
67020022,6200,202,221
68880031,6200,221,639
80230041,6200,102,666
80230071,6200,240,310
80230074,6200,304,313
80230079,6200,310,402
80230090,6200,402,426
80230090,6200,301,426
80230090,6200,301,402
80230093,6200,406,426
80230093,6200,414,426
80230093,6200,406,414
80230116,6200,613,631
80230118,6200,623,626
80009,6300,502,503
80009,6300,503,504
80009,6300,502,504
90002,6300,116,119
90002,6300,116,301
90002,6300,119,301
90011,6300,624,625
140003,6300,104,106
150009,6300,504,512
7430007,6300,210,214
7490010,6300,210,601
7490010,6300,601,622
7490010,6300,210,622
7550011,6300,621,630
7900002,6300,101,110
7920003,6300,101,107
7930003,6300,101,408
7940003,6300,101,106
7990005,6300,301,308
8030008,6300,301,501
8090008,6300,301,508
8170012,6300,605,609
8280007,6300,201,311
8370005,6300,201,308
8390005,6300,201,305
8440005,6300,123,202
8530001,6300,101,211
8980009,6300,301,601
8980009,6300,301,609
8980009,6300,601,609
47810003,6300,101,406
47840003,6300,103,133
47860028,6300,403,412
47860028,6300,403,514
47860028,6300,412,514
47860028,6300,406,412
47860028,6300,403,406
47860028,6300,406,514
50005,6400,401,403
60004,6400,313,328
90008,6400,709,713
100005,6400,309,401
100008,6400,710,713
130008,6400,708,714
210005,6400,402,421
210006,6400,505,593
250005,6400,414,421
480007,6400,530,563
480007,6400,530,792
480007,6400,563,792
620006,6400,506,592
760007,6400,534,537
1110009,6400,705,746
1780002,6400,114,212
8220011,6400,104,549
8260002,6400,106,549
8280022,6400,406,503
8290005,6400,406,423
8290005,6400,423,502
8290005,6400,406,502
8330022,6400,309,406
8330022,6400,309,511
8330022,6400,406,511
8340005,6400,406,410
8370022,6400,406,585
8510004,6400,421,547
8510004,6400,313,547
8510004,6400,313,421
8520005,6400,331,547
8710002,6400,105,106
8710002,6400,105,213
8710002,6400,106,213
9570034,6400,534,826
9570034,6400,596,826
9570034,6400,534,596
9810033,6400,538,775
9820022,6400,309,416
9840033,6400,464,563
9840033,6400,563,565
9840033,6400,464,565
10010006,6400,486,513
10030007,6400,558,563
10050010,6400,605,901
10080005,6400,422,423
10350008,6400,616,713
10350008,6400,616,716
10350008,6400,713,716
10400001,6400,795,798
10400001,6400,713,798
10400001,6400,713,795
10500042,6400,307,309
10500042,6400,307,313
10500042,6400,309,313
10500263,6400,710,902
10500345,6400,564,597
10500347,6400,713,828
10500360,6400,574,579
40006,6500,521,534
50009,6500,804,805
60007,6500,602,604
110007,6500,602,607
120007,6500,602,603
170007,6500,606,611
200008,6500,604,713
210007,6500,602,609
210008,6500,713,752
230008,6500,603,713
230008,6500,603,820
230008,6500,713,820
280008,6500,713,722
290007,6500,601,606
310007,6500,603,606
310009,6500,807,809
310009,6500,809,841
310009,6500,807,841
350002,6500,216,609
7720007,6500,602,612
7720007,6500,602,821
7720007,6500,612,821
7730007,6500,612,701
7790007,6500,603,701
7800007,6500,607,701
7860004,6500,419,602
7860004,6500,422,602
7860004,6500,419,422
7900007,6500,309,604
7900007,6500,223,309
7900007,6500,223,604
7900007,6500,604,606
7900007,6500,309,606
7900007,6500,223,606
7960002,6500,210,601
8250004,6500,299,419
8330001,6500,400,901
8360004,6500,422,580
8380001,6500,713,950
8380001,6500,713,972
8380001,6500,950,972
8780007,6500,230,606
8840004,6500,415,460
8990004,6500,453,478
9020004,6500,450,548
9090007,6500,604,627
9170011,6500,832,840
9200009,6500,826,832
9220009,6500,832,876
9240005,6500,434,522
9240005,6500,522,554
9240005,6500,434,554
9260005,6500,434,527
9290009,6500,832,833
9380009,6500,780,1005
9470004,6500,665,679
9470004,6500,672,679
9470004,6500,665,672
9600014,6500,233,419
9600014,6500,233,679
9600014,6500,419,679
9700004,6500,422,450
9700004,6500,450,539
9700004,6500,422,539
9800039,6500,202,821
9800039,6500,202,950
9800039,6500,821,950
9800039,6500,202,602
9800039,6500,602,821
9800039,6500,602,950
9800046,6500,220,253
9800068,6500,241,601
9800114,6500,408,460
9800130,6500,419,436
9800132,6500,419,538
9800132,6500,419,713
9800132,6500,538,713
9800153,6500,433,769
9800154,6500,411,436
9800154,6500,411,435
9800154,6500,435,436
9800259,6500,609,630
9800321,6500,727,781
9800376,6500,808,826
9800398,6500,827,941
10052,6600,707,715
10074,6600,821,822
20054,6600,702,732
30011,6600,112,113
40011,6600,108,113
40033,6600,416,418
40043,6600,617,620
60073,6600,827,947
80074,6600,823,826
90074,6600,943,972
90074,6600,826,972
90074,6600,826,943
100034,6600,505,515
120012,6600,103,117
120073,6600,827,946
130053,6600,503,704
150073,6600,947,948
190012,6600,114,204
190056,6600,901,912
200042,6600,519,520
200056,6600,901,916
220011,6600,106,121
220011,6600,108,121
220011,6600,106,108
250011,6600,106,112
260043,6600,631,633
290043,6600,622,623
340053,6600,702,704
340053,6600,704,711
340053,6600,702,711
880021,6600,201,202
880021,6600,201,267
880021,6600,202,267
7090000,6600,426,706
7550012,6600,101,110
7770034,6600,514,529
7810034,6600,426,505
7810034,6600,426,637
7810034,6600,426,514
7810034,6600,505,637
7810034,6600,514,637
7810034,6600,505,514
7810034,6600,505,6008
7810034,6600,426,6008
7810034,6600,514,6008
7810034,6600,637,6008
7960042,6600,701,725
7960042,6600,522,725
7960042,6600,522,701
7990042,6600,532,707
7990042,6600,532,725
7990042,6600,707,725
8020042,6600,529,911
8020042,6600,725,911
8020042,6600,529,725
8080043,6600,632,742
8080043,6600,725,742
8080043,6600,632,725
8120051,6600,748,911
8150051,6600,749,911
8150051,6600,749,930
8150051,6600,911,930
8270053,6600,304,702
8290053,6600,304,503
8310033,6600,706,751
8310033,6600,304,751
8310033,6600,304,706
8320033,6600,706,714
8350033,6600,503,706
8400034,6600,401,505
8400034,6600,505,724
8400034,6600,401,724
8420034,6600,401,508
8430034,6600,401,509
8430034,6600,401,721
8430034,6600,509,721
8440033,6600,420,706
8520031,6600,401,415
8530031,6600,415,443
8570023,6600,304,415
8630054,6600,708,930
8650061,6600,819,911
8700061,6600,803,911
8740056,6600,796,800
8740056,6600,800,901
8740056,6600,796,901
8800055,6600,910,918
8800055,6600,910,919
8800055,6600,918,919
8820055,6600,903,914
8820055,6600,903,918
8820055,6600,914,918
8960073,6600,941,944
8970074,6600,822,947
8970074,6600,944,947
8970074,6600,822,944
8990071,6600,942,944
9000071,6600,821,942
9040011,6600,111,941
9040011,6600,316,941
9040011,6600,111,316
9160022,6600,304,324
9170022,6600,304,317
9260022,6600,303,316
9370021,6600,316,401
9370021,6600,316,645
9370021,6600,401,645
9390022,6600,317,322
9410022,6600,317,339
9560031,6600,401,406
9620011,6600,106,111
9670011,6600,111,289
9670011,6600,112,289
9670011,6600,111,112
9780031,6600,401,402
9810034,6600,529,548
9810034,6600,529,613
9810034,6600,548,613
10080042,6600,725,785
10120023,6600,324,941
10120023,6600,941,969
10120023,6600,324,969
10140055,6600,797,800
10140055,6600,795,800
10140055,6600,795,797
10160032,6600,416,645
10180074,6600,947,968
10210112,6600,111,132
10240123,6600,324,942
10240123,6600,942,983
10240123,6600,324,983
10300412,6600,415,875
10300412,6600,415,969
10300412,6600,875,969
10310313,6600,711,761
10390071,6600,109,316
10390071,6600,109,942
10390071,6600,316,942
10420054,6600,970,983
10420054,6600,983,986
10420054,6600,970,986
10480055,6600,795,799
10730411,6600,811,835
10870055,6600,790,794
10870055,6600,793,794
10870055,6600,790,793
10890012,6600,133,204
10930835,6600,835,901
11100007,6600,111,133
11100091,6600,306,316
11100094,6600,317,323
11100176,6600,735,875
11100197,6600,792,796
11100197,6600,792,986
11100197,6600,796,986
11100251,6600,990,991
11100285,6600,970,1024
11100290,6600,875,994
11100290,6600,875,996
11100290,6600,994,996
11100302,6600,317,327
11100303,6600,107,316
11100309,6600,101,111
120002,6700,202,207
120002,6700,202,246
120002,6700,207,246
7450001,6700,112,115
7450001,6700,112,202
7450001,6700,115,202
8060001,6700,313,457
8060001,6700,275,457
8060001,6700,275,313
8090006,6700,313,323
8090006,6700,275,323
8090006,6700,275,313
8170001,6700,456,457
8230006,6700,143,313
8230006,6700,143,275
8230006,6700,275,313
8410001,6700,457,508
8600111,6700,444,489
8600142,6700,498,505
8600142,6700,498,508
8600142,6700,505,508
8600146,6700,508,509
8600149,6700,510,511
8600165,6700,251,309
40005,6800,335,336
80005,6800,333,334
230006,6800,323,624
230006,6800,323,667
230006,6800,624,667
230006,6800,323,669
230006,6800,667,669
230006,6800,624,669
240006,6800,323,673
250005,6800,239,323
250005,6800,220,323
250005,6800,220,239
250006,6800,323,663
420005,6800,320,321
640006,6800,686,691
860005,6800,223,239
860005,6800,239,314
860005,6800,223,314
880005,6800,228,330
7910004,6800,219,220
7910004,6800,219,256
7910004,6800,220,256
7910004,6800,219,337
7910004,6800,220,337
7910004,6800,256,337
7950004,6800,219,228
8040004,6800,239,309
8090002,6800,222,227
8130002,6800,225,254
8240001,6800,109,110
8290006,6800,323,632
13220012,6800,155,256
13290022,6800,145,150
13290022,6800,145,151
13290022,6800,150,151
13290073,6800,254,256
13290074,6800,256,284
50005,6900,523,534
80005,6900,520,571
100005,6900,374,523
110005,6900,518,523
110006,6900,512,533
130002,6900,205,1309
130002,6900,1308,1309
130002,6900,205,1308
200006,6900,502,532
240004,6900,334,335
240004,6900,335,374
240004,6900,334,374
300005,6900,531,534
300005,6900,531,538
300005,6900,534,538
350005,6900,535,554
450007,6900,321,701
1020008,6900,412,480
7280007,6900,420,442
7310007,6900,302,420
7400007,6900,420,429
7400007,6900,420,523
7400007,6900,429,523
7730004,6900,302,327
7810005,6900,523,527
7830006,6900,340,523
7830006,6900,340,532
7830006,6900,523,532
7870006,6900,512,523
7920006,6900,523,529
7940006,6900,523,530
7980005,6900,522,527
7980005,6900,503,527
7980005,6900,503,522
8270004,6900,523,553
8270004,6900,523,852
8270004,6900,553,852
8360004,6900,321,534
8360004,6900,327,534
8360004,6900,321,327
8800002,6900,105,523
8800002,6900,205,523
8800002,6900,105,205
12550005,6900,374,572
12590002,6900,205,1303
12610006,6900,533,593
12970001,6900,277,309
12970001,6900,309,485
12970001,6900,277,485
13030061,6900,149,151
13030222,6900,420,458
13030222,6900,420,483
13030222,6900,458,483
13030229,6900,420,710
13030229,6900,480,710
13030229,6900,420,480
13030306,6900,571,587
60003,7000,306,307
550001,7000,142,143
8160001,7000,101,207
8200001,7000,319,345
8350002,7000,330,331
8350002,7000,330,421
8350002,7000,330,524
8350002,7000,331,421
8350002,7000,331,524
8350002,7000,421,524
8350002,7000,340,524
8350002,7000,330,340
8350002,7000,331,340
8350002,7000,340,421
8390002,7000,231,405
9040031,7000,363,403
9040031,7000,363,524
9040031,7000,403,524
9170006,7000,415,524
9340045,7000,700,706
12800001,7000,524,767
12820001,7000,509,561
12820001,7000,556,561
12820001,7000,509,556
12840037,7000,143,207
12840037,7000,143,6002
12840037,7000,207,6002
12840050,7000,172,173
12840175,7000,549,555
12840261,7000,164,171
100011,7100,693,697
360003,7100,437,475
400003,7100,474,477
440003,7100,434,475
520003,7100,435,477
520003,7100,435,470
520003,7100,470,477
570002,7100,394,806
610003,7100,451,470
810003,7100,451,464
980007,7100,538,539
1590002,7100,377,416
1600002,7100,397,416
1620002,7100,365,674
1690002,7100,319,416
1710002,7100,319,326
1750002,7100,326,335
1960002,7100,319,321
7880003,7100,437,653
7880003,7100,437,501
7880003,7100,501,653
7900006,7100,474,507
7900006,7100,474,653
7900006,7100,507,653
7910003,7100,435,653
7960002,7100,375,416
8020002,7100,319,630
8020002,7100,319,653
8020002,7100,630,653
8070002,7100,653,826
8070002,7100,381,826
8070002,7100,381,653
8210009,7100,602,938
8210009,7100,632,938
8210009,7100,602,632
8230008,7100,632,641
8240010,7100,632,643
8460006,7100,507,589
8470006,7100,507,587
8550002,7100,540,653
8550002,7100,653,1060
8550002,7100,540,1060
8560003,7100,605,653
8580011,7100,693,727
8610011,7100,699,960
8660004,7100,496,653
8780021,7100,487,1018
8780021,7100,1018,1035
8780021,7100,487,1035
8800009,7100,632,895
8890003,7100,457,1035
8900001,7100,817,818
9890002,7100,416,1115
9900002,7100,561,1115
9930002,7100,653,1115
9960021,7100,1062,1115
9960021,7100,912,1115
9960021,7100,912,1062
10030021,7100,416,1044
10130033,7100,493,810
10160033,7100,498,810
10250017,7100,1023,1029
10340021,7100,868,1115
10410005,7100,496,498
10410005,7100,498,499
10410005,7100,496,499
10510017,7100,1023,1061
10550007,7100,730,744
10640005,7100,496,812
10680001,7100,390,861
10800021,7100,311,319
10800021,7100,311,6011
10800021,7100,319,6011
10800053,7100,378,381
10800053,7100,378,394
10800053,7100,381,394
10800074,7100,416,1029
10800074,7100,416,1016
10800074,7100,1016,1029
10800190,7100,815,817
10800190,7100,815,858
10800190,7100,817,858
10800341,7100,496,1035
10800352,7100,425,468
10800356,7100,390,845
10800372,7100,416,1047
10800396,7100,611,630
10800398,7100,971,1177
70001,7200,101,112
70001,7200,101,149
70001,7200,112,149
100002,7200,201,206
230003,7200,115,128
7210002,7200,103,109
7210002,7200,103,229
7210002,7200,109,229
7280001,7200,109,112
7400003,7200,127,134
7400003,7200,134,310
7400003,7200,127,310
7420002,7200,103,212
7420002,7200,134,212
7420002,7200,103,134
7480002,7200,210,301
7500001,7200,101,103
7500001,7200,101,235
7500001,7200,103,235
17600002,7200,103,309
17610001,7200,222,223
17800001,7200,210,304
17800001,7200,212,304
17800001,7200,210,212
17810030,7200,130,168
17810073,7200,230,237
17810073,7200,230,244
17810073,7200,237,244
17810075,7200,230,251
17810104,7200,304,325
17810104,7200,304,400
17810104,7200,325,400
17810186,7200,101,135
17810189,7200,103,330
9510006,7300,417,419
9510006,7300,513,846
9510006,7300,419,846
9510006,7300,417,846
9510006,7300,419,513
9510006,7300,417,513
9820001,7300,846,853
91970001,7300,419,869
91980001,7300,201,962
91980019,7300,118,250
91980019,7300,118,513
91980019,7300,250,513
91980031,7300,201,945
91980116,7300,359,884
91980148,7300,402,1013
91980148,7300,402,1014
91980148,7300,1013,1014
91980276,7300,513,765
91980376,7300,853,867
91980420,7300,889,948
91980539,7300,451,513
30035,7400,613,622
60034,7400,419,510
70034,7400,419,507
100021,7400,315,329
110031,7400,402,407
130031,7400,433,532
130031,7400,407,532
130031,7400,407,433
140031,7400,418,431
150031,7400,417,532
150031,7400,418,532
150031,7400,417,418
160023,7400,304,309
170033,7400,504,512
170033,7400,512,996
170033,7400,504,996
170034,7400,419,532
200032,7400,405,6001
200041,7400,702,844
210031,7400,409,418
210031,7400,409,432
210031,7400,418,432
210053,7400,973,993
210053,7400,949,993
210053,7400,949,973
280011,7400,173,177
280035,7400,624,642
300033,7400,504,532
400021,7400,306,328
450022,7400,250,254
490033,7400,514,532
510022,7400,235,250
510022,7400,250,417
510022,7400,235,417
560042,7400,802,820
560042,7400,802,831
560042,7400,820,831
650035,7400,620,631
660035,7400,614,631
690042,7400,813,830
690042,7400,830,831
690042,7400,813,831
7900012,7400,110,306
7900012,7400,110,160
7900012,7400,110,139
7900012,7400,138,160
7900012,7400,139,160
7900012,7400,138,306
7900012,7400,160,306
7900012,7400,139,306
7900012,7400,138,139
7900012,7400,110,138
7920012,7400,137,344
7920012,7400,139,344
7920012,7400,137,139
7960012,7400,139,418
7960012,7400,418,627
7960012,7400,139,627
7970012,7400,169,418
8040012,7400,112,130
8040012,7400,112,702
8040012,7400,130,702
8160021,7400,235,329
8290022,7400,254,316
8290022,7400,304,316
8290022,7400,254,304
8410023,7400,327,331
8430023,7400,327,344
8430023,7400,344,406
8430023,7400,327,406
8450031,7400,406,418
8460031,7400,406,429
8540031,7400,429,532
8570031,7400,402,420
8620023,7400,308,328
8620023,7400,308,417
8620023,7400,328,417
8970035,7400,508,627
8990032,7400,406,419
8990032,7400,406,513
8990032,7400,419,513
9010032,7400,422,512
9010032,7400,401,512
9010032,7400,401,422
9310051,7400,609,922
9310051,7400,609,1034
9310051,7400,922,1034
9370051,7400,983,993
9370051,7400,983,996
9370051,7400,993,996
9890314,7400,1015,1022
9890314,7400,1015,1029
9890314,7400,1022,1029
9900314,7400,996,1104
9900314,7400,350,996
9900314,7400,350,1104
9930314,7400,1015,1016
9950313,7400,996,1020
9970053,7400,609,946
9970053,7400,946,993
9970053,7400,609,993
10000051,7400,983,1068
10000051,7400,351,983
10000051,7400,351,1068
10250313,7400,962,1020
10550001,7400,112,615
10570001,7400,996,1094
10590171,7400,840,843
10590189,7400,903,916
10590189,7400,903,930
10590189,7400,916,930
10590212,7400,950,993
10590269,7400,1025,1028
10590326,7400,139,313
10590335,7400,607,847
10590335,7400,847,864
10590335,7400,607,864
10590345,7400,873,878
10590345,7400,873,877
10590345,7400,877,878
10590368,7400,609,658
10590420,7400,351,358
10590427,7400,629,633
10590429,7400,954,1004
10590430,7400,864,871
10590433,7400,351,359
10590435,7400,847,1248
10590436,7400,1234,1235
90005,7600,403,507
90005,7600,402,507
90005,7600,402,403
100006,7600,229,508
100006,7600,229,522
100006,7600,508,522
190002,7600,223,304
190005,7600,205,403
270006,7600,502,515
280006,7600,504,515
300006,7600,502,503
320006,7600,501,503
7470001,7600,109,501
7470001,7600,221,501
7470001,7600,109,221
7660001,7600,205,501
7680002,7600,221,403
7710002,7600,205,221
7710002,7600,221,414
7710002,7600,205,414
7870004,7600,334,402
7870004,7600,334,421
7870004,7600,402,421
7990001,7600,205,517
7990001,7600,108,517
7990001,7600,108,205
8020001,7600,185,331
8080004,7600,425,431
8100002,7600,232,304
8100002,7600,232,501
8100002,7600,304,501
8180006,7600,105,507
8180006,7600,105,522
8180006,7600,507,522
8200002,7600,246,304
8210004,7600,425,429
10440011,7600,109,202
10440011,7600,202,501
10440011,7600,109,501
10440096,7600,424,431
10004,7700,302,312
10004,7700,301,312
10004,7700,301,302
50004,7700,301,306
70004,7700,301,319
70004,7700,319,328
70004,7700,301,328
100005,7700,340,341
100005,7700,302,341
100005,7700,302,340
140004,7700,302,304
160005,7700,319,320
160005,7700,320,323
160005,7700,319,323
170005,7700,319,341
340005,7700,324,386
370005,7700,324,333
370005,7700,324,338
370005,7700,333,338
420005,7700,323,324
470002,7700,108,112
470002,7700,103,112
470002,7700,103,108
7490002,7700,112,280
7490002,7700,280,281
7490002,7700,280,328
7490002,7700,281,328
7490002,7700,112,281
7490002,7700,112,328
8020005,7700,323,630
8050003,7700,234,504
8060003,7700,139,281
8150005,7700,324,630
8180005,7700,320,426
8180005,7700,320,630
8180005,7700,426,630
8190004,7700,327,630
8230004,7700,338,355
8230004,7700,338,630
8230004,7700,355,630
8370001,7700,323,366
8370001,7700,322,323
8370001,7700,322,366
8370119,7700,324,425
8370126,7700,333,6001
8370126,7700,333,367
8370126,7700,367,6001
8370146,7700,355,386
8370236,7700,328,652
8370241,7700,328,331
8370246,7700,324,400
40001,7800,113,503
100002,7800,104,105
210002,7800,101,106
280004,7800,220,233
280004,7800,210,233
280004,7800,210,220
450004,7800,149,267
540005,7800,142,143
7690002,7800,101,102
7870002,7800,106,113
8070002,7800,106,156
8280003,7800,221,249
8280003,7800,235,249
8280003,7800,221,235
8650003,7800,250,257
8840017,7800,106,409
8840076,7800,149,177
8840076,7800,149,226
8840076,7800,177,226
8840094,7800,194,501
8840179,7800,502,508
8840179,7800,502,539
8840179,7800,508,539
8840289,7800,423,503
10054,7900,333,623
20032,7900,802,809
40051,7900,226,302
40054,7900,622,654
70013,7900,144,147
70013,7900,144,1036
70013,7900,147,1036
80032,7900,802,805
80033,7900,318,805
90031,7900,920,1201
90042,7900,118,238
100043,7900,107,235
110031,7900,1203,1306
110031,7900,1206,1306
110031,7900,1203,1206
120014,7900,120,126
120041,7900,221,234
150023,7900,916,927
150032,7900,801,803
160012,7900,1013,1014
160033,7900,229,318
160041,7900,229,230
160042,7900,211,212
170042,7900,212,222
190033,7900,229,810
220014,7900,103,105
220041,7900,221,227
220052,7900,226,304
220052,7900,304,306
220052,7900,226,306
230014,7900,105,109
310052,7900,318,322
500053,7900,714,748
590062,7900,236,426
1040024,7900,793,1109
1040024,7900,793,1160
1040024,7900,1109,1160
1240011,7900,905,1004
8250011,7900,136,1014
8250011,7900,136,178
8250011,7900,178,1014
8310012,7900,118,134
8310012,7900,134,136
8310012,7900,118,136
8310012,7900,136,1347
8310012,7900,118,1347
8310012,7900,134,1347
8470012,7900,905,913
8470012,7900,124,913
8470012,7900,124,905
8490012,7900,905,1014
8490012,7900,927,1014
8490012,7900,905,927
8540012,7900,905,1109
8570023,7900,916,928
8570023,7900,928,1214
8570023,7900,916,1214
8940032,7900,129,326
8940032,7900,326,806
8940032,7900,326,1219
8940032,7900,806,1219
8940032,7900,129,1219
8940032,7900,129,806
8980032,7900,229,326
8980032,7900,229,728
8980032,7900,326,728
8990032,7900,715,730
8990032,7900,326,730
8990032,7900,326,715
9020032,7900,323,327
9020032,7900,325,327
9020032,7900,323,325
9080032,7900,129,810
9090032,7900,129,813
9270033,7900,129,213
9270033,7900,129,817
9270033,7900,213,817
9280033,7900,230,819
9280033,7900,129,819
9280033,7900,129,230
9300021,7900,129,829
9390014,7900,118,124
9410014,7900,124,127
9420042,7900,127,128
9430042,7900,107,127
9430042,7900,107,221
9430042,7900,127,221
9440042,7900,221,232
9440042,7900,216,232
9440042,7900,216,221
9450041,7900,118,216
9450041,7900,118,225
9450041,7900,216,225
9490041,7900,214,216
9510043,7900,235,236
9540014,7900,107,108
9540014,7900,107,313
9540014,7900,108,313
9770062,7900,424,427
9770062,7900,424,437
9770062,7900,427,437
9770062,7900,437,448
9770062,7900,427,448
9770062,7900,424,448
9820062,7900,424,460
9830062,7900,306,424
9850054,7900,304,424
9850054,7900,304,454
9850054,7900,424,454
9900052,7900,622,645
10030053,7900,625,714
10330051,7900,318,324
10640042,7900,127,207
10650042,7900,127,210
10910011,7900,1015,1107
10910011,7900,1003,1107
10910011,7900,1003,1015
11010062,7900,306,474
11170115,7900,169,360
11170115,7900,360,905
11170115,7900,169,905
11200014,7900,107,256
11300414,7900,603,641
11310421,7900,454,555
11360121,7900,156,171
11360121,7900,171,793
11360121,7900,156,793
11370031,7900,1201,1248
11370031,7900,472,1248
11370031,7900,472,1201
11570011,7900,136,1039
11570011,7900,189,1039
11570011,7900,136,189
11590033,7900,846,920
11610121,7900,156,794
11680115,7900,169,1008
11710121,7900,360,362
11800024,7900,1168,1229
11800024,7900,1179,1229
11800024,7900,1168,1179
11840031,7900,1205,1254
11890117,7900,905,928
11890117,7900,928,1027
11890117,7900,905,1027
17050031,7900,1203,1225
17050031,7900,1225,1279
17050031,7900,1203,1279
17070013,7900,111,643
17100011,7900,1004,1003
17130001,7900,180,1035
17140001,7900,424,511
17140001,7900,424,639
17140001,7900,511,639
17150001,7900,179,185
17190001,7900,1217,1262
17250001,7900,1220,1248
17250001,7900,1225,1248
17250001,7900,1220,1225
17310001,7900,142,833
17320001,7900,1205,1226
17360001,7900,144,145
17400001,7900,424,612
17420001,7900,1131,1205
99970058,7900,108,1019
99970058,7900,108,1020
99970058,7900,1019,1020
99970058,7900,108,136
99970058,7900,136,1019
99970058,7900,136,1020
99970065,7900,118,543
99970073,7900,129,212
99970073,7900,212,905
99970073,7900,129,905
99970082,7900,136,1007
99970082,7900,136,1023
99970082,7900,1007,1023
99970082,7900,1023,1107
99970082,7900,136,1107
99970082,7900,1007,1107
99970098,7900,148,149
99970098,7900,148,655
99970098,7900,149,655
99970119,7900,178,189
99970127,7900,192,1011
99970141,7900,221,230
99970141,7900,226,230
99970141,7900,221,226
99970165,7900,326,333
99970199,7900,438,468
99970201,7900,448,449
99970204,7900,451,458
99970204,7900,451,460
99970204,7900,458,460
99970210,7900,458,6001
99970231,7900,504,555
99970308,7900,646,647
99970345,7900,904,905
99970349,7900,905,1107
99970349,7900,1107,1110
99970349,7900,905,1110
99970402,7900,1168,1226
99970465,7900,1023,1030
99970466,7900,1109,1174
99970510,7900,1109,1180
99970512,7900,360,1174
99970515,7900,147,148
99970521,7900,189,243
99970530,7900,454,491
99970533,7900,189,1280
99970536,7900,144,199
99970542,7900,133,833
99970551,7900,1019,1312
99970584,7900,153,1019
99970594,7900,158,833
99970596,7900,1160,1161
80004,8000,426,443
80004,8000,415,443
80004,8000,415,426
150001,8000,107,111
160001,8000,107,109
170001,8000,109,110
7750004,8000,411,418
7760004,8000,416,423
7800001,8000,107,219
150004,8200,104,105
350002,8200,123,145
350002,8200,121,145
350002,8200,121,123
7400002,8200,103,104
7690002,8200,143,200
12310002,8200,152,200
12340005,8200,104,210
12360002,8200,143,192
12390001,8200,215,224
50005,8300,352,379
70003,8300,601,605
130011,8300,111,116
190005,8300,344,398
190005,8300,398,814
190005,8300,344,814
220003,8300,607,650
220003,8300,650,651
220003,8300,607,651
230006,8300,301,302
230006,8300,301,338
230006,8300,302,338
250007,8300,326,330
280009,8300,207,209
290008,8300,220,243
290008,8300,243,415
290008,8300,220,415
320003,8300,605,609
320003,8300,518,609
320003,8300,518,605
320009,8300,209,217
400004,8300,700,703
400004,8300,703,705
400004,8300,700,705
480008,8300,252,256
800003,8300,503,621
800003,8300,621,626
800003,8300,503,626
800008,8300,243,360
1310005,8300,344,389
1310005,8300,389,406
1310005,8300,344,406
7300023,8300,307,347
7750011,8300,105,119
7860008,8300,225,273
7940032,8300,249,301
8070007,8300,201,277
8070007,8300,277,312
8070007,8300,201,312
8130007,8300,201,321
8450007,8300,307,327
8450007,8300,307,338
8450007,8300,327,338
8460006,8300,307,326
8500006,8300,307,315
8550021,8300,305,307
8580021,8300,307,728
8680004,8300,305,725
9130005,8300,356,712
9150005,8300,355,712
9170021,8300,712,713
9170021,8300,713,714
9170021,8300,712,714
9180005,8300,352,716
9180005,8300,712,716
9180005,8300,352,712
10200315,8300,134,907
10320315,8300,134,908
10340225,8300,286,416
10370111,8300,410,435
18110008,8300,233,271
18240010,8300,295,925
18540315,8300,925,963
18610008,8300,201,247
18650005,8300,389,420
18670111,8300,434,437
18960002,8300,580,591
19000323,8300,180,195
19000323,8300,195,856
19000323,8300,180,856
19000323,8300,120,195
19000323,8300,120,856
19000323,8300,120,180
19050003,8300,528,540
19190315,8300,447,961
19270311,8300,143,180
19350315,8300,960,963
19450323,8300,194,925
19460323,8300,1252,1258
19460323,8300,1252,1275
19460323,8300,1258,1275
19470003,8300,143,155
19520322,8300,1172,1250
19520322,8300,194,1250
19520322,8300,194,1172
19590323,8300,925,1250
19680315,8300,195,1179
19720322,8300,194,195
19720322,8300,195,1353
19720322,8300,194,1353
19830217,8300,5101,5145
19860322,8300,194,1150
19900322,8300,195,1252
19950009,8300,112,144
19970924,8300,623,716
20000315,8300,448,894
20000315,8300,894,907
20000315,8300,894,960
20000315,8300,907,960
20000315,8300,448,907
20000315,8300,448,960
20100001,8300,404,461
20100001,8300,452,461
20100001,8300,404,452
20150001,8300,147,150
20150001,8300,150,189
20150001,8300,147,189
20340001,8300,245,271
20390003,8300,104,120
20390003,8300,104,925
20390003,8300,120,925
20390011,8300,119,121
20390011,8300,119,135
20390011,8300,121,135
20390089,8300,285,415
20390096,8300,307,402
20390096,8300,307,5114
20390096,8300,402,5114
20390096,8300,402,5101
20390096,8300,307,5101
20390096,8300,5101,5114
20390254,8300,611,637
20390339,8300,904,970
20390352,8300,916,970
20390363,8300,925,5139
20390363,8300,201,925
20390363,8300,201,5139
20390585,8300,134,969
20390613,8300,406,410
20390613,8300,401,406
20390613,8300,401,410
20390662,8300,401,550
20390671,8300,423,426
20390678,8300,524,550
20390678,8300,524,527
20390678,8300,527,550
20390735,8300,1353,1366
20390735,8300,1352,1353
20390735,8300,1352,1366
20390757,8300,963,966
20390786,8300,1063,1074
20390788,8300,925,970
20390790,8300,1302,1303
20390794,8300,307,377
20390796,8300,961,966
20390799,8300,195,1369
20390801,8300,1145,1150
40007,8400,411,418
50004,8400,113,214
100009,8400,481,505
160009,8400,504,505
190009,8400,504,507
330011,8400,435,625
360005,8400,335,352
360005,8400,352,361
360005,8400,335,361
360009,8400,511,516
440008,8400,447,451
8210007,8400,434,438
8210007,8400,434,716
8210007,8400,438,716
8250008,8400,447,448
8260008,8400,448,450
8300010,8400,730,749
8300010,8400,533,749
8300010,8400,533,730
8350010,8400,605,749
8370010,8400,403,738
8370010,8400,729,738
8370010,8400,403,729
8390010,8400,403,627
8410010,8400,403,629
8410010,8400,629,724
8410010,8400,403,724
8420010,8400,403,626
8480010,8400,403,714
8600005,8400,351,363
8630005,8400,260,351
8630005,8400,260,376
8630005,8400,260,304
8630005,8400,351,376
8630005,8400,304,376
8630005,8400,304,351
8660005,8400,304,402
8980008,8400,449,478
8980008,8400,478,513
8980008,8400,449,513
9110006,8400,403,463
9170006,8400,403,414
9190007,8400,403,416
9310000,8400,403,615
11920026,8400,488,593
11960026,8400,488,505
11960026,8400,505,511
11960026,8400,488,511
12150005,8400,285,376
12260001,8400,442,485
12260001,8400,403,485
12260001,8400,403,442
12270001,8400,219,260
17610006,8400,351,406
17650023,8400,116,609
17650023,8400,116,653
17650023,8400,609,653
17760005,8400,101,403
17760005,8400,376,403
17760005,8400,101,376
17800004,8400,217,375
17800004,8400,368,375
17800004,8400,217,368
17810022,8400,511,525
17890023,8400,202,205
17890026,8400,203,219
17890093,8400,321,376
17890093,8400,196,376
17890093,8400,196,321
17890140,8400,409,410
17890140,8400,410,418
17890140,8400,409,418
17890140,8400,410,414
17890140,8400,409,414
17890140,8400,414,418
17890144,8400,416,435
17890205,8400,540,638
17890205,8400,540,648
17890205,8400,638,648
17890275,8400,683,767
17890302,8400,801,802
17890302,8400,801,805
17890302,8400,802,805
17890364,8400,130,585
17890382,8400,226,255
17890392,8400,119,130
17890401,8400,200,219
17890403,8400,223,237
17890405,8400,255,261
100012,8500,603,604
7970003,8500,108,301
8040002,8500,225,240
8040002,8500,225,305
8040002,8500,240,305
8060003,8500,301,331
8070003,8500,301,311
8140004,8500,302,403
8240006,8500,415,426
8240006,8500,426,427
8240006,8500,426,428
8240006,8500,427,428
8240006,8500,415,428
8240006,8500,415,427
8270007,8500,417,432
8270007,8500,417,437
8270007,8500,432,437
8380002,8500,226,301
8630011,8500,502,503
9920014,8500,301,613
10030038,8500,225,226
10030062,8500,303,314
10030096,8500,367,368
10030113,8500,444,475
30222,8600,1612,1613
60114,8600,305,307
60123,8600,701,717
70215,8600,1301,1401
80121,8600,501,503
80225,8600,1011,1518
100123,8600,718,719
130112,8600,204,208
150117,8600,108,408
150123,8600,713,719
180116,8600,109,141
180225,8600,1519,1520
190003,8600,3112,3119
200121,8600,510,601
210225,8600,1011,1520
240216,8600,1118,1202
7310213,8600,903,1218
7700231,8600,1726,1805
7700231,8600,1805,1806
7700231,8600,1726,1806
7700231,8600,1703,1806
7700231,8600,1703,1805
7700231,8600,1703,1726
7720223,8600,1604,1838
7720223,8600,1726,1838
7720223,8600,1604,1726
7730227,8600,1423,1806
7730227,8600,1806,1838
7730227,8600,1423,1838
7880223,8600,1505,1550
7880223,8600,1550,1604
7880223,8600,1505,1604
8010224,8600,1505,1613
8180215,8600,1011,1117
8280215,8600,1011,1305
8300214,8600,1011,1202
8420213,8600,1202,1401
8520212,8600,1002,1401
8580214,8600,1011,1102
8720215,8600,903,1313
8950211,8600,1011,1020
9020123,8600,719,802
9060125,8600,719,1011
9260126,8600,819,1011
9260126,8600,803,1011
9260126,8600,803,819
9390123,8600,701,6003
9460124,8600,802,806
9470113,8600,205,802
9520113,8600,205,301
9560114,8600,205,311
9570115,8600,205,701
9630121,8600,601,617
9790117,8600,108,205
9790117,8600,108,601
9790117,8600,205,601
9910116,8600,104,701
9910116,8600,404,701
9910116,8600,104,404
10570314,8600,1731,1738
10570314,8600,1738,1746
10570314,8600,1731,1746
10580314,8600,1732,1742
10580314,8600,1738,1742
10580314,8600,1732,1738
10660232,8600,1714,6002
10740314,8600,1738,1741
10790225,8600,806,1011
17190111,8600,411,903
17250114,8600,304,307
17270226,8600,1011,1423
17360232,8600,1705,1718
18020001,8600,1122,1125
67560112,8600,205,903
67620111,8600,108,903
67620111,8600,147,903
67620111,8600,108,147
97710241,8600,118,307
97710290,8600,1505,1618
97710303,8600,1604,6541
97710303,8600,1631,6541
97710303,8600,1604,1631
97710444,8600,1742,3307
97710474,8600,1401,1408
97710476,8600,1742,1838
97710478,8600,1742,3112
97710488,8600,1707,6002
97710490,8600,903,1414
97710492,8600,1122,1651
210001,8700,144,316
220001,8700,144,204
220001,8700,204,367
220001,8700,144,367
400003,8700,202,261
540001,8700,139,314
680001,8700,146,320
1110002,8700,109,386
8130001,8700,103,114
8140001,8700,103,227
8190001,8700,103,140
9250001,8700,204,310
9250001,8700,204,394
9250001,8700,310,394
9400001,8700,112,310
9490001,8700,103,252
9980001,8700,362,363
10050006,8700,204,375
10160006,8700,375,386
10240011,8700,362,367
10280012,8700,349,367
10280012,8700,349,369
10280012,8700,367,369
10320002,8700,110,310
10320002,8700,310,381
10320002,8700,110,381
10450001,8700,114,161
10640001,8700,229,401
10680007,8700,103,178
10680007,8700,103,513
10680007,8700,178,513
10680133,8700,233,248
10680180,8700,304,360
10680180,8700,304,366
10680180,8700,360,366
10680297,8700,349,364
50022,9000,919,964
60022,9000,921,964
60063,9000,922,976
70023,9000,827,836
120022,9000,917,921
120041,9000,502,530
150021,9000,101,102
180022,9000,921,923
250063,9000,964,969
280023,9000,612,834
280023,9000,834,885
280023,9000,612,885
280042,9000,805,820
290021,9000,102,844
340062,9000,434,918
340062,9000,434,957
340062,9000,918,957
340062,9000,957,978
340062,9000,918,978
340062,9000,434,978
350022,9000,933,953
370012,9000,238,244
380062,9000,918,950
390042,9000,824,848
450022,9000,964,966
580022,9000,906,956
590022,9000,906,953
900062,9000,904,926
900062,9000,904,965
900062,9000,926,965
900062,9000,926,1035
900062,9000,965,1035
900062,9000,904,1035
1180021,9000,102,995
1180021,9000,847,995
1180021,9000,102,847
1240021,9000,831,833
7040011,9000,277,285
7120043,9000,311,810
7120043,9000,311,849
7120043,9000,810,849
7170051,9000,311,312
7370012,9000,244,374
7370012,9000,263,374
7370012,9000,244,263
7860015,9000,221,811
7880015,9000,277,811
7900041,9000,404,509
7900041,9000,404,811
7900041,9000,509,811
7910041,9000,810,811
7910041,9000,701,811
7910041,9000,701,810
8090032,9000,504,508
8210032,9000,501,509
8340042,9000,508,534
8340042,9000,534,701
8340042,9000,508,701
8370023,9000,811,834
8380023,9000,811,838
8380023,9000,814,838
8380023,9000,811,814
8410022,9000,366,702
8410022,9000,702,811
8410022,9000,702,921
8410022,9000,702,925
8410022,9000,811,921
8410022,9000,811,925
8410022,9000,921,925
8410022,9000,366,811
8410022,9000,366,921
8410022,9000,366,925
8440021,9000,102,702
8440021,9000,702,1369
8440021,9000,102,1369
8450021,9000,102,701
8490021,9000,102,956
8490021,9000,102,1016
8490021,9000,956,1016
8490021,9000,988,1016
8490021,9000,102,988
8490021,9000,956,988
8580022,9000,925,950
8610022,9000,923,925
8880031,9000,603,701
9400021,9000,101,531
9400021,9000,531,841
9400021,9000,101,841
9520012,9000,202,811
9520012,9000,258,811
9520012,9000,202,258
9900042,9000,404,849
10040011,9000,283,353
10040011,9000,353,377
10040011,9000,283,377
10050052,9000,277,347
10050052,9000,331,347
10050052,9000,277,331
10060052,9000,277,366
10060052,9000,366,485
10060052,9000,277,485
10070053,9000,353,1120
10190212,9000,285,374
10190212,9000,372,374
10190212,9000,285,372
10290021,9000,101,1288
10290021,9000,501,1288
10290021,9000,101,501
10480052,9000,359,381
10480052,9000,359,1066
10480052,9000,381,1066
10490022,9000,870,906
10490022,9000,870,1369
10490022,9000,906,1369
10500032,9000,702,860
10510052,9000,353,366
10510052,9000,366,495
10510052,9000,353,495
10520063,9000,359,994
10520063,9000,923,994
10520063,9000,359,923
10610022,9000,469,470
10610022,9000,469,472
10610022,9000,470,472
10660022,9000,366,373
10660022,9000,373,1389
10660022,9000,366,1389
10760012,9000,263,373
10760012,9000,281,373
10760012,9000,263,281
10770012,9000,373,652
10770012,9000,372,652
10770012,9000,372,373
10780012,9000,373,1120
10780012,9000,498,1120
10780012,9000,373,498
10910523,9000,857,860
10970053,9000,374,463
10970053,9000,374,587
10970053,9000,463,587
11010021,9000,1220,1288
11010021,9000,1220,1270
11010021,9000,1270,1288
11070312,9000,281,811
11070312,9000,281,1220
11070312,9000,811,1220
11220225,9000,373,448
11220225,9000,373,1352
11220225,9000,448,1352
11250012,9000,566,651
11260012,9000,498,651
11260012,9000,498,1143
11260012,9000,651,1143
11350531,9000,701,896
11350531,9000,896,986
11350531,9000,701,986
11380061,9000,1001,1063
11390013,9000,207,231
11390013,9000,231,232
11390013,9000,207,232
11400522,9000,841,1410
11400522,9000,701,841
11400522,9000,701,1410
14460022,9000,1117,1149
14740312,9000,369,1070
14740312,9000,369,1082
14740312,9000,1070,1082
14750523,9000,615,889
14960052,9000,1150,1189
14970012,9000,1143,1190
15090021,9000,866,995
15220312,9000,1076,1085
15220312,9000,1076,1096
15220312,9000,1085,1096
15240012,9000,244,279
15240012,9000,275,279
15240012,9000,244,275
15270523,9000,616,871
15270523,9000,871,1016
15270523,9000,616,1016
15400023,9000,811,837
15470002,9000,102,1411
15470012,9000,565,572
15800001,9000,1341,1343
15800001,9000,1341,1346
15800001,9000,1343,1346
15820001,9000,1210,1211
15920001,9000,615,888
98340053,9000,102,869
98340064,9000,202,219
98340083,9000,279,271
98340088,9000,263,277
98340091,9000,263,810
98340091,9000,309,810
98340091,9000,263,309
98340153,9000,366,969
98340153,9000,820,969
98340153,9000,366,820
98340219,9000,498,652
98340226,9000,533,1410
98340226,9000,102,533
98340226,9000,102,1410
98340327,9000,875,877
98340435,9000,1054,1066
98340437,9000,1056,1089
98340439,9000,1057,1084
98340720,9000,1432,1433
98340720,9000,1432,1436
98340720,9000,1433,1436
98340766,9000,616,702
98340788,9000,971,988
98340794,9000,434,988
98340797,9000,1348,1356
98340818,9000,615,859
98340836,9000,240,241
98340843,9000,906,923
260006,9100,320,430
310006,9100,404,417
510006,9100,411,412
590006,9100,409,412
810006,9100,408,411
830006,9100,408,410
920006,9100,404,408
7370007,9100,223,328
7650002,9100,145,224
7750004,9100,224,230
7770004,9100,211,225
7770004,9100,211,232
7770004,9100,225,232
7870005,9100,226,228
8770006,9100,224,417
8790004,9100,212,228
8880007,9100,458,461
14910001,9100,223,458
14970040,9100,224,228
14970040,9100,228,412
14970040,9100,224,412
14970040,9100,223,228
14970040,9100,223,224
14970040,9100,223,412
170004,9200,112,169
8760037,9200,121,128
8760094,9200,207,211
660001,9400,101,155
900001,9400,116,166
1040001,9400,158,210
7490001,9400,209,210
7500001,9400,140,171
7540001,9400,126,187
7550031,9400,125,135
7550041,9400,186,187
7550041,9400,140,186
7550041,9400,140,187
1550005,9500,145,147
12560003,9500,101,239
12560016,9500,120,210
12560018,9500,122,210
12560028,9500,149,151
12560084,9500,233,245
50001,9600,161,202
7860001,9600,139,161
7890006,9600,183,184
12090006,9600,161,184
12350008,9600,161,164
12360001,9600,161,232
12360001,9600,232,243
12360001,9600,161,243
12370005,9600,176,184
15510005,9600,111,176
15680023,9600,131,198
15680110,9600,161,237
15680112,9600,161,179
590002,9700,107,111
590002,9700,107,365
590002,9700,111,365
600002,9700,101,111
600002,9700,111,301
600002,9700,101,301
640004,9700,158,159
660001,9700,367,371
790003,9700,145,146
1250004,9700,199,226
7490000,9700,101,199
21660002,9700,111,112
21800004,9700,101,191
21910002,9700,110,124
22430124,9700,301,377
22430124,9700,360,377
22430124,9700,301,360
22430189,9700,371,383
22430257,9700,411,413
80001,9800,132,151
230045,9800,123,161
