ms_tavla,kod,teur
0,2,סוג מקום
0,3,כניסה יציאה
0,4,חומרת תאונה
0,5,סוג תאונה
0,6,תוואי הדרך
0,7,נתוני תשתית כללי
0,8,גאומטריה
0,10,דרך חד מסלולית
0,11,דרך דו מסלולית
0,12,מהירות מותרת
0,13,תקינות הדרך
0,14,רוחב הכביש במטר
0,16,תאורה
0,17,תמרור רמזור בצומת
0,18,מזג אוויר
0,19,מצב פני הכביש
0,20,יעוד הרכב
0,21,התנגשות עם עצם דומם
0,22,מרחק העצם משפת הכביש
0,23,לא חצה את הכביש
0,24,התנהגות הולך רגל
0,25, חצה את הכביש
0,26,כיוון חציה
0,27, סוג תיק
0,28,כיוון נסיעה
0,29,חומרת הנזק
0,31, סוג מעורב
0,34,אמצעי בטיחות
0,35,חומרת פגיעה
0,37, סוג יום
0,38, יום לילה
0,39, יום בשבוע
0,40, מרומזר
0,42, נפח
0,43,סוג לוחית
0,44, משקל כולל
0,46, פטירה מאוחרת
0,47, סטטוס עיגון מקובץ
0,48,סוג רכב מקובץ
0,49,
0,50, סוג נפגע מקובץ
0,52,פעולת נפגע
0,60,חודש לועזי 
0,66, קבוצת אוכלוסיה
0,67, מגדר (מין)
0,68, האם יהודה ושומרון
0,77,מחוז
0,78,מעמד מונציפלי
0,79,נפה
0,80,אזור טבעי
0,81,צורת יישוב
0,92, קבוצת גיל
0,93, שעה מקובץ
0,97,
2,1,עירונית לא בצומת
2,2,עירונית בצומת (כולל צמתים בגבולות יישובים)
2,3,לא-עירונית לא בצומת
2,4,לא-עירונית בצומת (כולל מפגש של כביש ורחוב)
2,5,קואורדינאטות
2,6,מקומות
2,7,כתובת מגורים
3,1279,ביציאה ממחלף
3,1280,בכניסה למגרש חניה
3,1281,ביציאה מתחנת דלק
3,1429,בכניסה למחלף
3,1448,בכניסה לתחנת אוטובוס
3,1449,ביציאה מתחנת אוטובוס
4,811,קטלנית
4,812,קשה
4,813,קלה
4,1492,נזק בלבד
5,0,אחר
5,1205,התנגש חזית באחור
5,1206,התנגש צד בצד
5,1207,התנגש חזית בחזית
5,1208,התנגש עם רכב שנעצר
5,1209,התנגש עם רכב חונה
5,1210,התנגש עם עצם דומם
5,1211,ירידה מהכביש
5,1212,התהפכות
5,1213,החלקה
5,1214,פגיעה בנוסע רכב
5,1215,נפילה מרכב נע
5,1216,שריפה
5,1217,פגיעה ממטען
5,1219,התנגשות אחור חזית
5,1220,התנגשות אחור צד
5,1221,התנגשות בבעל חיים
5,1222,התנגשות באחר
5,1369,פגיעה בהולך רגל
5,1370,התנגשות חזית אל צד
5,1738,התנגשות אחור באחור
6,1272,מישורי
6,1273,שיפוע קל
6,1274,שיפוע תלול
7,1282,מפגש מסילת ברזל
7,1283,מעבר בטחון
7,1284,מעבר חציה
7,1285,מדרכה
7,1286,שול
7,1287,כביש שירות
7,1288,אחר
7,1434,מנהרה
7,1439,על גשר
7,1458,מתחת לגשר
7,1459,רחוב משולב
7,1460,תחנת אוטובוס
7,2016,"נת""צ"
7,2017,"מת""צ"
7,2070,נתיב מהיר
7,2336,שביל אופניים
7,2521,מעגל תנועה
7,4376,מסילת רכבת 
7,4377,מסילת רכבת קלה
8,1275,ישר
8,1276,עקומה קלה
8,1277,עקומה חדה
8,1278,מפותל
10,0,לאידוע
10,759,חד סטרית
10,760,דו סטרי +קו הפרדה רצוף
10,761,דו סטרי אין קו הפרדה
10,762,אחר
11,0,לא ידוע
11,763,מיפרדה מסומנת בצבע
11,764,מיפרדה עם גדר בטיחות
11,765,מיפרדה בנויה ללא גדר בטיחות
11,766,מיפרדה לא בנויה
11,767,אחר
12,0,לא ידוע
12,768,"עד 50 קמ""ש"
12,769,"עד 60 קמ""ש"
12,773,"עד 70 קמ""ש"
12,774,"עד 80 קמ""ש"
12,775,"עד 90 קמ""ש"
12,776,"עד 100 קמ""ש"
12,1233,"עד 110 קמ""ש"
12,3383,"עד 120 קמ""ש"
12,5955,"עד 30 קמ""ש"
13,0,לא ידוע
13,1998,אין ליקוי
13,1999,כביש משובש
13,2000,שוליים גרועים
13,2001,שוליים גרועים וכביש משובש
14,0,לא ידוע
14,777,עד 5
14,778,5 עד 7
14,779,7 עד 10.5
14,780,10.5 עד 14
14,781,יותר מ 14
16,1239,יום-אור רגיל
16,1240,יום -ראות מוגבלת עקב מזג אוויר
16,1241,יום-לא ידוע
16,1242,לילה- פעלה תאורה במקום
16,1243,לילה - תאורה לא פעלה
16,1244,לילה- לא קיימת תאורה במקום
16,1245,לילה - לא ידוע
16,1246,לילה - תאורה עם ראות מוגבלת עקב מזג אוויר
16,1247,לילה - תאורה לא תקינה עם ראות מוגבלת עקב מזג אוויר
16,1248,לילה - ללא תאורה עם ראות מוגבלת עקב מזג האוויר
16,1249,דמדומים
16,1441,שחר
17,1250,ללא רמזור/תמרור
17,1251,רמזור תקין
17,1252,רמזור מהבהב צהוב
17,1254,תמרור עצור
17,1255,תמרור זכות קדימה
17,1256,אחר
17,1440,תמרור מעגל תנועה
18,805,נאה
18,806,גשום
18,807,שרבי
18,808,ערפילי
18,809,אחר
18,810,לא ידוע
18,1461,שלג
18,2902,ברד
18,2903,אובך
18,2904,מעונן
19,814,יבש
19,815,רטוב ממים
19,816,מרוח בחומר
19,817,מכוסה בבוץ
19,818,חול או חצץ על הכביש
19,819,אחר
19,820,לא ידוע
19,2905,מכוסה בחומר מחליק
20,1025,השכרה
20,1026,לימוד נהיגה
20,1027,הסעת ילדים
20,1028,מכירה
20,1029,חברת הובלה
20,1030,חברת הסעות
20,1031,רכב ליסינג
20,5384,ספורט מוטורי 
21,821,עץ
21,822,עמוד חשמל/תאורה/טלפון
21,823,תמרור ושלט
21,824,גשר-סימניו ומגיניו
21,825,מבנה
21,826,גדר בטיחות לרכב
21,827,חבית
21,828,אחר
21,829,לא ידוע
22,1261,עד מטר
22,1262,1-3 מטר
22,1263,על הכביש
22,1264,על שטח ההפרדה
22,1265,לא ידוע
22,1462,מעל 3 מטר
23,1076,הלך בכיוון בתנועה
23,1077,הלך נגד כיוון התנועה
23,1078,שיחק על הכביש
23,1079,היה על אי הפרדה
23,1080,היה על השוליים / מדרכה
23,1081,אחר
23,1082,לא ידוע אם חצה
23,1392,עמד על הכביש
24,1064,התפרץ אל הכביש
24,1065,חצה שהוא מוסתר
24,1066,חצה רגיל
24,1067,אחר
24,2188,לא חצה
24,2189,לא ידוע אם חצה
25,1068,לא במעבר - ליד צומת
25,1069,לא במעבר - לא ליד צומת
25,1070,במעבר חצייה בלי רמזור
25,1071,במעבר חצייה עם רמזור
25,1072,לא ידוע מקום החצייה
26,1073,מימין לשמאל
26,1074,משמאל לימין
26,1075,לא ידוע
27,1,"ת""ד מורחב"
27,3,כללי עם נפגעים קל
28,0,לא ידוע
28,1,כיוון ספירה (עד 2011)
28,2,כיוון הפוך (עד 2011)
28,3,רכב חונה (עד 2011)
28,1023,דרום (2008-2012)
28,1024,דרום מערב (2008-2012)
28,1111,מצפון לצפון
28,1122,מצפון לדרום
28,1133,מצפון למערב
28,1144,מצפון למזרח
28,1155,מצפון לצפון-מזרח
28,1166,מצפון לדרום-מזרח
28,1177,מצפון לדרום-מערב
28,1188,מצפון לצפון-מערב
28,1298,מערב (2008-2012)
28,1345,צפון מערב (2008-2012)
28,1346,צפון (2008-2012)
28,1347,צפון מזרח (2008-2012)
28,1348,מזרח (2008-2012)
28,1349,דרום מזרח (2008-2012)
28,1350,רכב חונה
28,2211,מדרום לצפון
28,2222,מדרום לדרום
28,2233,מדרום למערב
28,2244,מדרום למזרח
28,2255,מדרום לצפון-מזרח
28,2266,מדרום לדרום-מזרח
28,2277,מדרום לדרום-מערב
28,2288,מדרום לצפון-מערב
28,3311,ממערב לצפון
28,3322,ממערב לדרום
28,3333,ממערב למערב
28,3344,ממערב למזרח
28,3355,ממערב לצפון-מזרח
28,3366,ממערב לדרום-מזרח
28,3377,ממערב לדרום-מערב
28,3388,ממערב לצפון-מערב
28,4411,ממזרח לצפון
28,4422,ממזרח לדרום
28,4433,ממזרח למערב
28,4444,ממזרח למזרח
28,4455,ממזרח לצפון-מזרח
28,4466,ממזרח לדרום-מזרח
28,4477,ממזרח לדרום-מערב
28,4488,ממזרח לצפון-מערב
28,5511,מצפון-מזרח לצפון
28,5522,מצפון-מזרח לדרום
28,5533,מצפון-מזרח למערב
28,5544,מצפון-מזרח למזרח
28,5555,מצפון-מזרח לצפון-מזרח
28,5566,מצפון-מזרח לדרום-מזרח
28,5577,מצפון-מזרח לדרום-מערב
28,5588,מצפון-מזרח לצפון-מערב
28,6611,מדרום-מזרח לצפון
28,6622,מדרום-מזרח לדרום
28,6633,מדרום-מזרח למערב
28,6644,מדרום-מזרח למזרח
28,6655,מדרום-מזרח לצפון-מזרח
28,6666,מדרום-מזרח לדרום-מזרח
28,6677,מדרום-מזרח לדרום-מערב
28,6688,מדרום-מזרח לצפון-מערב
28,7711,מדרום-מערב לצפון
28,7722,מדרום-מערב לדרום
28,7733,מדרום-מערב למערב
28,7744,מדרום-מערב למזרח
28,7755,מדרום-מערב לצפון-מזרח
28,7766,מדרום-מערב לדרום-מזרח
28,7777,מדרום-מערב לדרום-מערב
28,7788,מדרום-מערב לצפון-מערב
28,8811,מצפון-מערב לצפון
28,8822,מצפון-מערב לדרום
28,8833,מצפון-מערב למערב
28,8844,מצפון-מערב למזרח
28,8855,מצפון-מערב לצפון-מזרח
28,8866,מצפון-מערב לדרום-מזרח
28,8877,מצפון-מערב לדרום-מערב
28,8888,מצפון-מערב לצפון-מערב
29,1019,אין נזק
29,1020,קל
29,1021,בינוני
29,1022,קשה
29,1970,לא ידוע
31,1,נהג
31,2,נהג נפגע
31,3,נפגע
34,1050,חגר חגורת בטיחות
34,1051,חבש קסדת מגן
34,1052,לבש אפודה זוהרת
34,1053,ישב במושב בטיחות
34,1054,לא השתמש באמצעי בטיחות
34,1055,לא ידוע
35,108,פצוע קל
35,111,הרוג
35,1194,פצוע קשה
37,1,חג
37,2,ערב חג
37,3,חול המועד
37,4,"יום מיוחד/אחר (פורים, שושן פורים, ט' באב)"
37,5,יום רגיל
38,0,לילה 
38,1,יום
39,1,ראשון
39,2,שני
39,3,שלישי
39,4,רביעי
39,5,חמישי
39,6,שישי
39,7,שבת
40,0,לא 
40,1,כן
40,9,לא ידוע
42,0,לא ידוע
42,1,עד 50
42,2,51-250
42,3,251-500
42,4,501-1000
42,5,1001-1300
42,6,1301-1600
42,7,1601-1800
42,8,1801-2000
42,9,2001-3000
42,10,3001-4000
42,11,4001-6000
42,12,6001-10000
42,13,10001+
43,1,ישראלית
43,2,צבאית
43,3,משטרתית
43,4,זרה
43,5,דפלומטית
43,6,"שטחים (יו""ש)"
43,8,אחר
43,10,פיקטיבי (אלמוני)
43,15,מיקרומוביל
44,0,לא ידוע
44,1,עד 1949
44,2,1950-2494
44,3,2950-3549
44,4,3550-4049
44,5,4050-5949
44,6,5950-6049
44,7,6050-7949
44,8,7950-9949
44,9,9950-12049
44,10,12050-12949
44,11,12950-15949
44,12,15950-19049
44,13,19050-25949
44,14,25950-30049
44,15,30050-32049
44,16,32050-33949
44,17,33950-40049
44,18,40050-56049
44,19,56050+
46,0,"	פטירה רגילה	"
46,1,"	פטירה מאוחרת	"
47,1,עיגון מדויק
47,2,מרכז ישוב
47,3,מרכז דרך
47,4,מרכז קילומטר
47,9,לא עוגן
48,1,רכב פרטי                                               
48,2,משא עד 3.5 טון אחוד                                    
48,3,משא עד 3.5 טון לא אחוד                                 
48,4,משא 3.6 טון עד 9.9 טון                                 
48,5,משא 12.1 טון עד 15.9 טון                               
48,6,משא 16.0 טון עד 33.9 טון                               
48,7,משא 34.0+ טון                                          
48,8,"אופנוע עד 50 סמ""ק                                      "
48,9,"אופנוע 51 עד 125 סמ""ק                                  "
48,10,"אופנוע 126 עד 400 סמ""ק                                 "
48,11,אוטובוס                                                
48,12,מוניות                                                 
48,13,רכב עבודה והצלה                                        
48,14,טרקטור                                                 
48,15,אופניים                                                
48,16,רכבת                                                   
48,17,אחר ולא ידוע                                           
48,18,אוטובוס זעיר                                           
48,19,"אופנוע  401+ סמ""ק                                      "
48,30,סגווי                                                  
48,31,גרור/נתמך                                              
48,32,קורקינט לא חשמלי                                       
48,33,טרקטורון                                               
48,34,קורקינט חשמלי                                          
48,35,קלנועית                                                
48,36,אופניים חשמליים                                        
48,37,משא 10.0 טון עד 12.0 טון
48,38,אופנוע חשמלי
50,1,הולך רגל
50,2,נהג רכב 4 גלגלים ויותר
50,3,נוסע רכב 4 גלגלים ויותר
50,4,נהג אופנוע
50,5,נוסע אופנוע
50,6,נהג אופניים
50,7,נוסע אופניים
50,8,נהג רכב אחר ולא ידוע
50,9,נוסע רכב אחר ולא ידוע
50,10,נהג אופניים חשמליים
50,11,נוסע אופניים חשמליים 
50,12,נהג קורקינט חשמלי
50,13,נוסע קורקינט חשמלי
50,14,נהג קלנועית
50,15,נוסע קלנועית
52,1056,ישב ברכב במושב הקידמי
52,1057,ישב ברכב במושב האחורי
52,1058,ישב ברכב בארגז מאחור
52,1059,עמד ברכב
52,1060,עלה לרכב
52,1061,ירד מהרכב
52,1062,פעולה אחרת
52,1063,לא ידוע
60,1,ינואר
60,2,פברואר
60,3,מרץ
60,4,אפריל
60,5,מאי
60,6,יוני
60,7,יולי
60,8,אוגוסט
60,9,ספטמבר
60,10,אוקטובר
60,11,נובמבר
60,12,דצמבר
66,0,לא ידוע
66,1,יהודים
66,2,ערבים
66,3,אחרים
66,4,זרים
67,0,לא רשום
67,1,זכר
67,2,נקבה
67,6,שגוי בהסבה
67,7,בבירור
67,9,לא ידוע
68,0,ישראל ללא יהודה ושומרון
68,1,יהודה ושומרון
77,1,ירושלים
77,2,הצפון
77,3,חיפה
77,4,המרכז
77,5,תל אביב
77,6,הדרום
77,7,יהודה והשומרון
78,0,עירייה
78,1,הגליל העליון
78,2,מרום הגליל
78,3,הגליל התחתון
78,4,מטה אשר
78,6,עמק הירדן
78,7,עמק המעיינות
78,8,הגלבוע
78,9,עמק יזרעאל
78,12,זבולון
78,13,מגידו
78,14,מנשה
78,15,חוף הכרמל
78,16,עמק חפר
78,18,לב השרון
78,19,חוף השרון
78,20,דרום השרון
78,25,חבל מודיעין
78,26,מטה יהודה
78,27,גן רווה
78,28,ברנר
78,29,חבל יבנה
78,30,גזר
78,31,נחל שורק
78,32,גדרות
78,33,באר טוביה
78,34,שפיר
78,35,יואב
78,36,חוף אשקלון
78,37,שער הנגב
78,38,אשכול
78,39,שדות נגב
78,40,שדות דן
78,41,בני שמעון
78,42,מרחבים
78,45,אלונה
78,48,רמת נגב
78,50,לכיש
78,51,תמר
78,52,מעלה יוסף
78,53,חבל אילות
78,54,הערבה התיכונה
78,55,מבואות החרמון
78,56,משגב
78,65,אל-בטוף
78,66,בוסתן אל-מרג'
78,68,נווה מדבר
78,69,אל קסום
78,71,גולן
78,72,שומרון
78,73,מטה בנימין
78,74,מגילות ים המלח
78,75,ערבות הירדן
78,76,גוש עציון
78,78,הר חברון
78,99,מועצה מקומית
78,101,חסר מעמד
79,11,ירושלים
79,21,צפת
79,22,כנרת
79,23,יזרעאל
79,24,עכו
79,25,יזרעאל
79,29,גולן
79,31,חיפה
79,32,חדרה
79,41,השרון
79,42,פתח תקווה
79,43,רמלה
79,44,רחובות
79,51,תל אביב
79,52,תל אביב
79,53,תל אביב
79,61,אשקלון
79,62,באר שבע
79,71,ג'נין
79,72,שכם
79,73,טול כרם
79,74,ראמאללה
79,75,ירדן-יריחו
79,76,בית לחם
79,77,חברון
80,111,הרי יהודה
80,112,שפלת יהודה
80,211,עמק חולה
80,212,גליל עליון מזרחי
80,213,אזור חצור
80,214,גליל תחתון מרכזי
80,221,כנרות
80,222,גליל תחתון מזרחי
80,231,עמק בית שאן
80,232,עמק חרוד
80,233,רמת כוכב
80,234,עמק יזרעאל
80,235,אזור יקנעם
80,236,רמת מנשה
80,237,הרי נצרת-תירען
80,241,אזור שפרעם
80,242,אזור כרמיאל
80,243,אזור יחיעם
80,244,אזור אילון
80,245,אזור נהרייה
80,246,אזור עכו
80,291,אזור החרמון
80,292,גולן צפוני
80,293,גולן תיכוני
80,294,גולן דרומי
80,311,אזור חיפה
80,321,חוף הכרמל
80,322,אזור זכרון יעקב
80,323,הר אלכסנדר
80,324,אזור חדרה
80,411,מערב השרון
80,412,מזרח השרון
80,421,דרום השרון
80,422,אזור פתח תקווה
80,431,אזור מודיעין
80,432,אזור רמלה
80,441,אזור רחובות
80,442,אזור ראשון לציון
80,511,אזור תל אביב
80,512,אזור רמת גן
80,513,אזור חולון
80,611,אזור מלאכי
80,612,אזור לכיש
80,613,אזור אשדוד
80,614,אזור אשקלון
80,621,אזור גרר
80,622,אזור בשור
80,623,אזור באר שבע
80,624,אזור ים המלח
80,625,הערבה
80,626,הר הנגב הצפוני
80,627,הר הנגב הדרומי
80,999,ללא חלוקה לאזור טבעי
81,120,יישובים יהודיים 500000 תושבים ומעלה
81,130,יישובים יהודיים 499999-200000 תושבים
81,140,יישובים יהודיים 199999-100000 תושבים
81,150,יישובים יהודיים 99999-50000 תושבים
81,160,יישובים יהודיים 49999-20000 תושבים
81,170,יישובים יהודיים 19999-10000 תושבים
81,180,יישובים יהודיים 9999-5000 תושבים
81,190,יישובים יהודיים 4999-2000 תושבים
81,191,מושבים 4999-2000 תושבים
81,192,מושבים שיתופיים 4999-2000 תושבים
81,193,קיבוצים 4999-2000 תושבים
81,250,יישובים לא יהודיים 99999-50000 תושבים
81,260,יישובים לא יהודיים 49999-20000 תושבים
81,270,יישובים לא יהודיים 19999-10000 תושבים
81,280,יישובים לא יהודיים 9999-5000 תושבים
81,290,יישובים לא יהודיים 4999-2000 תושבים
81,310,מושבים - לרבות כפרים שיתופיים
81,320,מושבים שיתופיים
81,330,קיבוצים
81,340,יישובים מוסדיים יהודיים
81,350,יישובים כפריים אחרים יהודיים
81,370,יישובים קהילתיים
81,440,יישובים מוסדיים לא יהודיים
81,450,יישובים כפריים אחרים לא יהודיים
81,460,שבטי בדווים
81,510,מקום
81,520,מוקד תעסוקה
81,530,סמלים קיבוציים
92,1,00-04
92,2,05-09
92,3,10-14
92,4,15-19
92,5,20-24
92,6,25-29
92,7,30-34
92,8,35-39
92,9,40-44
92,10,45-49
92,11,50-54
92,12,55-59
92,13,60-64
92,14,65-69
92,15,70-74
92,16,75-79
92,17,80-84
92,18,85+
92,99,לא ידוע
93,1,00:00-00:14
93,2,00:15-00:29
93,3,00:30-00:44
93,4,00:45-00:59
93,5,01:00-01:14
93,6,01:15-01:29
93,7,01:30-01:44
93,8,01:45-01:59
93,9,02:00-02:14
93,10,02:15-02:29
93,11,02:30-02:44
93,12,02:45-02:59
93,13,03:00-03:14
93,14,03:15-03:29
93,15,03:30-03:44
93,16,03:45-03:59
93,17,04:00-04:14
93,18,04:15-04:29
93,19,04:30-04:44
93,20,04:45-04:59
93,21,05:00-05:14
93,22,05:15-05:29
93,23,05:30-05:44
93,24,05:45-05:59
93,25,06:00-06:14
93,26,06:15-06:29
93,27,06:30-06:44
93,28,06:45-06:59
93,29,07:00-07:14
93,30,07:15-07:29
93,31,07:30-07:44
93,32,07:45-07:59
93,33,08:00-08:14
93,34,08:15-08:29
93,35,08:30-08:44
93,36,08:45-08:59
93,37,09:00-09:14
93,38,09:15-09:29
93,39,09:30-09:44
93,40,09:45-09:59
93,41,10:00-10:14
93,42,10:15-10:29
93,43,10:30-10:44
93,44,10:45-10:59
93,45,11:00-11:14
93,46,11:15-11:29
93,47,11:30-11:44
93,48,11:45-11:59
93,49,12:00-12:14
93,50,12:15-12:29
93,51,12:30-12:44
93,52,12:45-12:59
93,53,13:00-13:14
93,54,13:15-13:29
93,55,13:30-13:44
93,56,13:45-13:59
93,57,14:00-14:14
93,58,14:15-14:29
93,59,14:30-14:44
93,60,14:45-14:59
93,61,15:00-15:14
93,62,15:15-15:29
93,63,15:30-15:44
93,64,15:45-15:59
93,65,16:00-16:14
93,66,16:15-16:29
93,67,16:30-16:44
93,68,16:45-16:59
93,69,17:00-17:14
93,70,17:15-17:29
93,71,17:30-17:44
93,72,17:45-17:59
93,73,18:00-18:14
93,74,18:15-18:29
93,75,18:30-18:44
93,76,18:45-18:59
93,77,19:00-19:14
93,78,19:15-19:29
93,79,19:30-19:44
93,80,19:45-19:59
93,81,20:00-20:14
93,82,20:15-20:29
93,83,20:30-20:44
93,84,20:45-20:59
93,85,21:00-21:14
93,86,21:15-21:29
93,87,21:30-21:44
93,88,21:45-21:59
93,89,22:00-22:14
93,90,22:15-22:29
93,91,22:30-22:44
93,92,22:45-22:59
93,93,23:00-23:14
93,94,23:15-23:29
93,95,23:30-23:44
93,96,23:45-23:59
